type,start_time,ambient_temperature,battery_id,test_id,uid,filename,Capacity,Re,Rct
discharge,[2010.       7.      21.      15.       0.      35.093],4,B0047,0,1,00001.csv,1.6743047446975200,,
impedance,[2010.       7.      21.      16.      53.      45.968],24,B0047,1,2,00002.csv,,0.05605783343888100,0.20097016584458300
charge,[2010.       7.      21.      17.      25.      40.671],4,B0047,2,3,00003.csv,,,
impedance,[2010    7   21   20   31    5],24,B0047,3,4,00004.csv,,0.05319185850921100,0.16473399914864700
discharge,[2.0100e+03 7.0000e+00 2.1000e+01 2.1000e+01 2.0000e+00 5.6984e+01],4,B0047,4,5,00005.csv,1.5243662105099000,,
charge,[2010.       7.      21.      22.      38.      43.484],4,B0047,5,6,00006.csv,,,
discharge,[2.010e+03 7.000e+00 2.200e+01 1.000e+00 4.000e+01 6.218e+00],4,B0047,6,7,00007.csv,1.5080762969973400,,
charge,[2010.       7.      22.       3.      14.      53.218],4,B0047,7,8,00008.csv,,,
discharge,[2010.       7.      22.       6.      16.      21.781],4,B0047,8,9,00009.csv,1.4835577960067700,,
charge,[2010.       7.      22.       7.      50.      21.625],4,B0047,9,10,00010.csv,,,
discharge,[2010.       7.      22.      10.      51.      48.203],4,B0047,10,11,00011.csv,1.4671391666146500,,
charge,[2010.       7.      22.      12.      25.       3.656],4,B0047,11,12,00012.csv,,,
discharge,[2010.       7.      22.      15.      26.      29.359],4,B0047,12,13,00013.csv,1.448858156982270,,
impedance,[2010.       7.      22.      17.       3.       7.062],24,B0047,13,14,00014.csv,,0.05963791501051060,0.21039872263834900
charge,[2010.       7.      22.      17.      34.      59.312],4,B0047,14,15,00015.csv,,,
impedance,[2010.     7.    22.    20.    40.    25.5],24,B0047,15,16,00016.csv,,0.05512505361624280,0.1754882075917000
discharge,[2010.       7.      23.       9.      59.       8.718],4,B0047,16,17,00017.csv,1.4458534180949300,,
impedance,[2010.       7.      23.      11.      35.      36.875],24,B0047,17,18,00018.csv,,0.058878485312444500,0.19095687096090000
charge,[2010.      7.     23.     12.      7.     29.25],4,B0047,18,19,00019.csv,,,
impedance,[2010.       7.      23.      15.      12.      59.218],24,B0047,19,20,00020.csv,,0.05281282159808420,0.17225152334151300
discharge,[2010.       7.      23.      15.      44.      51.671],4,B0047,20,21,00021.csv,1.431118266178280,,
charge,[2010.       7.      23.      17.      17.      36.625],4,B0047,21,22,00022.csv,,,
discharge,[2010.       7.      23.      20.      19.       2.359],4,B0047,22,23,00023.csv,1.4192745516578500,,
charge,[2010.       7.      23.      21.      50.      50.578],4,B0047,23,24,00024.csv,,,
discharge,[2010.       7.      24.       0.      52.      14.625],4,B0047,24,25,00025.csv,1.3999974221808300,,
charge,[2.0100e+03 7.0000e+00 2.4000e+01 2.0000e+00 2.3000e+01 2.1453e+01],4,B0047,25,26,00026.csv,,,
discharge,[2010.       7.      24.       5.      24.      46.453],4,B0047,26,27,00027.csv,1.3885156686114400,,
charge,[2010.       7.      24.       6.      55.      11.046],4,B0047,27,28,00028.csv,,,
discharge,[2010    7   24    9   56   39],4,B0047,28,29,00029.csv,1.3652234669529000,,
impedance,[2010.       7.      24.      11.      30.      35.656],24,B0047,29,30,00030.csv,,0.057516600514537100,0.196364379896874
charge,[2.010e+03 7.000e+00 2.400e+01 1.200e+01 2.000e+00 2.839e+01],4,B0047,30,31,00031.csv,,,
impedance,[2010.       7.      24.      15.       7.      54.015],24,B0047,31,32,00032.csv,,0.05353424494363980,0.1777073031474950
discharge,[2010.       7.      27.      16.      12.       5.718],4,B0047,32,33,00033.csv,1.4060442272971000,,
impedance,[2010.     7.    27.    17.    47.    10.5],24,B0047,33,34,00034.csv,,0.06203113143529380,0.20089789289030600
charge,[2010.       7.      27.      18.      19.       3.281],4,B0047,34,35,00035.csv,,,
impedance,[2010.       7.      27.      21.      24.      31.406],24,B0047,35,36,00036.csv,,0.05858490374013480,0.18415407975514000
discharge,[2010.       7.      27.      21.      56.      24.312],4,B0047,36,37,00037.csv,1.4057541613525800,,
charge,[2010.       7.      27.      23.      28.       8.828],4,B0047,37,38,00038.csv,,,
discharge,[2.0100e+03 7.0000e+00 2.8000e+01 2.0000e+00 2.9000e+01 3.7343e+01],4,B0047,38,39,00039.csv,1.3867662881727900,,
charge,[2010.       7.      28.       4.       0.      28.265],4,B0047,39,40,00040.csv,,,
discharge,[2.0100e+03 7.0000e+00 2.8000e+01 7.0000e+00 1.0000e+00 5.7687e+01],4,B0047,40,41,00041.csv,1.3705053061420200,,
charge,[2010.       7.      28.       8.      31.      35.609],4,B0047,41,42,00042.csv,,,
discharge,[2.010e+03 7.000e+00 2.800e+01 1.100e+01 3.300e+01 1.828e+00],4,B0047,42,43,00043.csv,1.3497431114823600,,
charge,[2.010e+03 7.000e+00 2.800e+01 1.300e+01 2.000e+00 8.531e+00],4,B0047,43,44,00044.csv,,,
discharge,[2010.       7.      28.      16.       3.      39.015],4,B0047,44,45,00045.csv,1.3251533367939800,,
impedance,[2.01e+03 7.00e+00 2.80e+01 1.70e+01 3.60e+01 7.34e-01],24,B0047,45,46,00046.csv,,0.062410515179020000,0.21439323318771800
charge,[2010.       7.      28.      18.       7.      53.906],4,B0047,46,47,00047.csv,,,
impedance,[2010.       7.      28.      21.      13.      22.187],24,B0047,47,48,00048.csv,,0.058089440596035100,0.18668970409335400
discharge,[2010.     7.    28.    21.    45.    15.5],4,B0047,48,49,00049.csv,1.3111943869635800,,
charge,[2.01e+03 7.00e+00 2.80e+01 2.30e+01 1.30e+01 7.96e-01],4,B0047,49,50,00050.csv,,,
discharge,[2.0100e+03 7.0000e+00 2.9000e+01 2.0000e+00 1.4000e+01 2.9703e+01],4,B0047,50,51,00051.csv,0,,
charge,[2.0100e+03 7.0000e+00 2.9000e+01 2.0000e+00 5.5000e+01 5.2843e+01],4,B0047,51,52,00052.csv,,,
discharge,[2010.       7.      29.       5.      57.      18.515],4,B0047,52,53,00053.csv,1.3394234405932900,,
charge,[2010.       7.      29.       7.      27.      57.484],4,B0047,53,54,00054.csv,,,
discharge,[2010.       7.      29.      10.      29.      29.765],4,B0047,54,55,00055.csv,1.2849157142560700,,
charge,[2010.       7.      29.      11.      56.      11.593],4,B0047,55,56,00056.csv,,,
discharge,[2010.       7.      29.      14.      57.      39.921],4,B0047,56,57,00057.csv,1.281719159327810,,
impedance,[2010.      7.     29.     16.     27.     30.14],24,B0047,57,58,00058.csv,,0.06545446046217200,0.22145350055169300
charge,[2010.       7.      29.      16.      59.      23.625],4,B0047,58,59,00059.csv,,,
impedance,[2010.       7.      29.      20.       4.      55.562],24,B0047,59,60,00060.csv,,0.05889356113513970,0.20283861831236100
discharge,[2010.       7.      29.      20.      36.      49.093],4,B0047,60,61,00061.csv,1.2600051642942800,,
charge,[2.0100e+03 7.0000e+00 2.9000e+01 2.2000e+01 2.0000e+00 1.5765e+01],4,B0047,61,62,00062.csv,,,
discharge,[2.0100e+03 7.0000e+00 3.0000e+01 1.0000e+00 3.0000e+00 4.8203e+01],4,B0047,62,63,00063.csv,1.266070385993130,,
charge,[2.0100e+03 7.0000e+00 3.0000e+01 2.0000e+00 2.8000e+01 4.1125e+01],4,B0047,63,64,00064.csv,,,
discharge,[2010.       7.      30.       5.      30.      13.453],4,B0047,64,65,00065.csv,1.2413590294280800,,
charge,[2010.       7.      30.       6.      54.      35.109],4,B0047,65,66,00066.csv,,,
discharge,[2010.       7.      30.       9.      56.       7.796],4,B0047,66,67,00067.csv,1.2298873703485300,,
charge,[2010.       7.      30.      11.      19.      35.093],4,B0047,67,68,00068.csv,,,
discharge,[2010.       7.      30.      14.      21.       3.875],4,B0047,68,69,00069.csv,1.228088614506700,,
impedance,[2010.       7.      30.      15.      48.      12.125],24,B0047,69,70,00070.csv,,0.06743699845446590,0.23182146271844600
charge,[2010    7   30   16   20    6],4,B0047,70,71,00071.csv,,,
impedance,[2010.       7.      30.      19.      25.      34.984],24,B0047,71,72,00072.csv,,0.060657470418007600,0.21399678178486100
discharge,[2010.       7.      30.      19.      57.      28.859],4,B0047,72,73,00073.csv,1.2139857189070000,,
charge,[2010.       7.      30.      21.      20.      14.843],4,B0047,73,74,00074.csv,,,
discharge,[2010.       7.      31.       0.      21.      41.812],4,B0047,74,75,00075.csv,1.2173435064564200,,
charge,[2.0100e+03 7.0000e+00 3.1000e+01 1.0000e+00 4.3000e+01 5.7734e+01],4,B0047,75,76,00076.csv,,,
discharge,[2010.       7.      31.       4.      45.      24.171],4,B0047,76,77,00077.csv,1.2073445944515900,,
charge,[2010.       7.      31.       6.       7.       5.562],4,B0047,77,78,00078.csv,,,
discharge,[2010.       7.      31.       9.       8.      38.406],4,B0047,78,79,00079.csv,1.18804049227045,,
charge,[2010.       7.      31.      10.      29.      39.359],4,B0047,79,80,00080.csv,,,
discharge,[2010.       7.      31.      13.      31.       7.296],4,B0047,80,81,00081.csv,1.186304749886540,,
impedance,[2010.       7.      31.      14.      55.      48.421],24,B0047,81,82,00082.csv,,0.0701001536900913,0.22987797007523200
charge,[2010.       7.      31.      15.      27.      42.562],4,B0047,82,83,00083.csv,,,
impedance,[2010.       7.      31.      18.      33.      11.796],24,B0047,83,84,00084.csv,,0.06550718241713960,0.20355160811691500
discharge,[2010.       8.       3.      15.      52.      53.046],4,B0047,84,85,00085.csv,1.2613935471028500,,
impedance,[2010.       8.       3.      17.      20.      28.062],24,B0047,85,86,00086.csv,,0.06547504558382390,0.23692895486998500
charge,[2010.       8.       3.      17.      52.      22.375],4,B0047,86,87,00087.csv,,,
impedance,[2010.       8.       3.      20.      57.      49.484],24,B0047,87,88,00088.csv,,0.06405018284856570,0.2030937186647100
discharge,[2010.       8.       3.      21.      29.      43.953],4,B0047,88,89,00089.csv,1.2648246158850700,,
charge,[2010.       8.       3.      22.      54.      43.062],4,B0047,89,90,00090.csv,,,
discharge,[2.0100e+03 8.0000e+00 4.0000e+00 1.0000e+00 5.6000e+01 1.2734e+01],4,B0047,90,91,00091.csv,1.2466494548982200,,
charge,[2010.      8.      4.      3.     19.     23.25],4,B0047,91,92,00092.csv,,,
discharge,[2010.       8.       4.       6.      20.      57.078],4,B0047,92,93,00093.csv,1.2333924152795100,,
charge,[2010.       8.       4.       7.      43.      19.828],4,B0047,93,94,00094.csv,,,
discharge,[2010.      8.      4.     10.     44.     49.39],4,B0047,94,95,00095.csv,1.2129250072037700,,
charge,[2010.       8.       4.      12.       6.      28.531],4,B0047,95,96,00096.csv,,,
discharge,[2010.       8.       4.      15.       7.      58.828],4,B0047,96,97,00097.csv,1.1999106597943600,,
impedance,[2010.       8.       4.      16.      32.      38.906],24,B0047,97,98,00098.csv,,0.06709824474037230,0.2303958167446360
charge,[2010.       8.       4.      17.       4.      33.625],4,B0047,98,99,00099.csv,,,
impedance,[2010.       8.       4.      20.      10.       4.812],24,B0047,99,100,00100.csv,,0.0658333505063299,0.22044155106998800
discharge,[2010.     8.     4.    20.    41.    59.5],4,B0047,100,101,00101.csv,1.1902559038393400,,
charge,[2.0100e+03 8.0000e+00 4.0000e+00 2.2000e+01 2.0000e+00 3.3781e+01],4,B0047,101,102,00102.csv,,,
discharge,[2.010e+03 8.000e+00 5.000e+00 1.000e+00 4.000e+00 3.312e+00],4,B0047,102,103,00103.csv,1.1892563795455900,,
charge,[2.0100e+03 8.0000e+00 5.0000e+00 2.0000e+00 2.3000e+01 3.5171e+01],4,B0047,103,104,00104.csv,,,
discharge,[2010.       8.       5.       5.      25.       7.906],4,B0047,104,105,00105.csv,1.167069685125940,,
charge,[2010.       8.       5.       6.      44.       4.281],4,B0047,105,106,00106.csv,,,
discharge,[2010.      8.      5.      9.     45.     36.39],4,B0047,106,107,00107.csv,1.1615348403090400,,
charge,[2010.       8.       5.      11.       4.      13.765],4,B0047,107,108,00108.csv,,,
discharge,[2010.       8.       5.      14.       5.      44.828],4,B0047,108,109,00109.csv,1.1555563844350000,,
impedance,[2010.       8.       5.      15.      27.      47.125],24,B0047,109,110,00110.csv,,0.06982103693778560,0.24787176507460900
charge,[2010.       8.       5.      15.      59.      42.062],4,B0047,110,111,00111.csv,,,
impedance,[2010.       8.       5.      19.       5.      13.171],24,B0047,111,112,00112.csv,,0.06878780909118250,0.21360336620224400
discharge,[2010.       8.       5.      19.      37.       8.125],4,B0047,112,113,00113.csv,1.1488524666097700,,
charge,[2010.       8.       5.      20.      54.      47.218],4,B0047,113,114,00114.csv,,,
discharge,[2010.       8.       5.      23.      56.      22.437],4,B0047,114,115,00115.csv,1.143572986788780,,
charge,[2.0100e+03 8.0000e+00 6.0000e+00 1.0000e+00 1.3000e+01 2.8265e+01],4,B0047,115,116,00116.csv,,,
discharge,[2010.       8.       6.       4.      15.       3.234],4,B0047,116,117,00117.csv,1.1418015379428500,,
charge,[2010.       8.       6.       5.      31.      48.156],4,B0047,117,118,00118.csv,,,
discharge,[2010.      8.      6.      8.     33.     24.75],4,B0047,118,119,00119.csv,1.136058647502260,,
charge,[2010.       8.       6.       9.      49.      49.937],4,B0047,119,120,00120.csv,,,
discharge,[2010    8    6   12   51   21],4,B0047,120,121,00121.csv,1.1236364680969300,,
impedance,[2010.       8.       6.      14.      11.      12.234],24,B0047,121,122,00122.csv,,0.07117358017648430,0.23685982966743200
charge,[2010.       8.       6.      14.      43.       7.578],4,B0047,122,123,00123.csv,,,
impedance,[2010.       8.       6.      17.      48.      41.937],24,B0047,123,124,00124.csv,,0.06704245742224400,0.2239461958000680
discharge,[2010.       8.       6.      18.      20.      37.375],4,B0047,124,125,00125.csv,1.1320498900328900,,
charge,[2010.       8.       6.      19.      36.      20.187],4,B0047,125,126,00126.csv,,,
discharge,[2010.       8.       6.      22.      37.      51.968],4,B0047,126,127,00127.csv,1.1170101762158200,,
charge,[2010.      8.      6.     23.     53.     10.89],4,B0047,127,128,00128.csv,,,
discharge,[2.0100e+03 8.0000e+00 7.0000e+00 2.0000e+00 5.4000e+01 4.6296e+01],4,B0047,128,129,00129.csv,1.120043039721980,,
charge,[2010.       8.       7.       4.       9.      31.812],4,B0047,129,130,00130.csv,,,
discharge,[2010.       8.       7.       7.      11.       8.671],4,B0047,130,131,00131.csv,1.1059773445917100,,
charge,[2010.       8.       7.       8.      25.      18.796],4,B0047,131,132,00132.csv,,,
discharge,[2010.       8.       7.      11.      26.      50.984],4,B0047,132,133,00133.csv,0,,
impedance,[2010.       8.       7.      12.      32.      26.234],24,B0047,133,134,00134.csv,,0.07023260964111880,0.24323243271860600
charge,[2010.       8.       7.      13.       4.      21.953],4,B0047,134,135,00135.csv,,,
impedance,[2010.      8.      7.     16.      9.     53.89],24,B0047,135,136,00136.csv,,0.06768700346240910,0.22229050779281900
discharge,[2010.       8.      10.      15.      39.      28.921],4,B0047,136,137,00137.csv,1.1907902374762000,,
impedance,[2010.       8.      10.      17.       4.      18.343],24,B0047,137,138,00138.csv,,0.07161977998793090,0.23403724411294700
charge,[2010.       8.      10.      17.      36.      14.109],4,B0047,138,139,00139.csv,,,
impedance,[2010.       8.      10.      20.      41.      53.921],24,B0047,139,140,00140.csv,,0.07068108535338240,0.19528521622738300
discharge,[2010.      8.     10.     21.     13.     49.64],4,B0047,140,141,00141.csv,1.2012387088454000,,
charge,[2010.       8.      10.      22.      33.      31.875],4,B0047,141,142,00142.csv,,,
discharge,[2.010e+03 8.000e+00 1.100e+01 1.000e+00 3.500e+01 2.781e+00],4,B0047,142,143,00143.csv,1.1906909549024800,,
charge,[2.0100e+03 8.0000e+00 1.1000e+01 2.0000e+00 5.3000e+01 2.2453e+01],4,B0047,143,144,00144.csv,,,
discharge,[2010.       8.      11.       5.      54.      59.281],4,B0047,144,145,00145.csv,1.1764375730308300,,
charge,[2010.       8.      11.       7.      12.      27.125],4,B0047,145,146,00146.csv,,,
discharge,[2010.       8.      11.      10.      14.       4.421],4,B0047,146,147,00147.csv,1.1628110372792400,,
charge,[2010.       8.      11.      11.      31.      14.703],4,B0047,147,148,00148.csv,,,
discharge,[2010.       8.      11.      14.      32.      46.656],4,B0047,148,149,00149.csv,1.1516152840582600,,
impedance,[2010.     8.    11.    15.    53.    17.5],24,B0047,149,150,00150.csv,,0.07509561004673010,0.23858006096341300
charge,[2010.       8.      11.      16.      25.      13.593],4,B0047,150,151,00151.csv,,,
impedance,[2010.       8.      11.      19.      30.      44.109],24,B0047,151,152,00152.csv,,0.07216164396916560,0.21346805183925500
discharge,[2010.       8.      12.      12.      34.      22.109],4,B0047,152,153,00153.csv,1.1583673498348600,,
impedance,[2010    8   12   13   55   19],24,B0047,153,154,00154.csv,,0.0744699239483102,0.22881371041584000
charge,[2010.      8.     12.     14.     27.     15.14],4,B0047,154,155,00155.csv,,,
impedance,[2010.       8.      12.      17.      32.      50.875],24,B0047,155,156,00156.csv,,0.07206578369812160,0.21699657259865800
discharge,[2010.       8.      12.      18.       4.      47.218],4,B0047,156,157,00157.csv,1.1692285288386200,,
charge,[2010.       8.      12.      19.      22.      39.406],4,B0047,157,158,00158.csv,,,
discharge,[2010.       8.      12.      22.      24.      12.484],4,B0047,158,159,00159.csv,1.1588148476218500,,
charge,[2010.       8.      12.      23.      40.      56.125],4,B0047,159,160,00160.csv,,,
discharge,[2.0100e+03 8.0000e+00 1.3000e+01 2.0000e+00 4.2000e+01 3.2031e+01],4,B0047,160,161,00161.csv,1.1439588147705500,,
charge,[2010.       8.      13.       3.      58.       7.187],4,B0047,161,162,00162.csv,,,
discharge,[2010.       8.      13.       6.      59.      39.343],4,B0047,162,163,00163.csv,1.1383941068159400,,
charge,[2010.       8.      13.       8.      14.      54.843],4,B0047,163,164,00164.csv,,,
discharge,[2010.       8.      13.      11.      16.      29.328],4,B0047,164,165,00165.csv,0,,
impedance,[2010.       8.      13.      11.      55.      20.859],24,B0047,165,166,00166.csv,,0.07588155579843060,0.21716973379374400
charge,[2010.       8.      13.      12.      27.      18.593],4,B0047,166,167,00167.csv,,,
impedance,[2010.       8.      13.      15.      32.      55.359],24,B0047,167,168,00168.csv,,0.07280052727114000,0.2167410015359880
discharge,[2010.       8.      16.      10.      57.       7.937],4,B0047,168,169,00169.csv,1.2213102850395700,,
impedance,[2010.       8.      16.      12.      24.      17.453],24,B0047,169,170,00170.csv,,0.07227737714460600,0.23707482814903900
charge,[2010.       8.      16.      12.      56.      14.546],4,B0047,170,171,00171.csv,,,
impedance,[2.0100e+03 8.0000e+00 1.6000e+01 1.6000e+01 1.0000e+00 5.2046e+01],24,B0047,171,172,00172.csv,,0.07278328377782100,0.21520598666769800
discharge,[2010.       8.      16.      16.      33.      48.968],4,B0047,172,173,00173.csv,1.2031062978889100,,
charge,[2010.       8.      16.      17.      53.      19.203],4,B0047,173,174,00174.csv,,,
discharge,[2010.       8.      16.      20.      54.      56.609],4,B0047,174,175,00175.csv,1.1897147112197700,,
charge,[2010.       8.      16.      22.      13.       2.812],4,B0047,175,176,00176.csv,,,
discharge,[2.0100e+03 8.0000e+00 1.7000e+01 1.0000e+00 1.4000e+01 4.2109e+01],4,B0047,176,177,00177.csv,1.177422568842010,,
charge,[2010    8   17    2   32   20],4,B0047,177,178,00178.csv,,,
discharge,[2010.       8.      17.       5.      33.      53.718],4,B0047,178,179,00179.csv,1.158443027293820,,
charge,[2010.       8.      17.       6.      50.      25.203],4,B0047,179,180,00180.csv,,,
discharge,[2010.       8.      17.       9.      52.       5.375],4,B0047,180,181,00181.csv,1.1567087516841800,,
impedance,[2.010e+03 8.000e+00 1.700e+01 1.100e+01 1.200e+01 1.125e+00],24,B0047,181,182,00182.csv,,0.07436360239266560,0.23408631844470200
charge,[2010.       8.      17.      11.      43.      58.265],4,B0047,182,183,00183.csv,,,
impedance,[2010.       8.      17.      14.      49.      38.671],24,B0047,183,184,00184.csv,,0.07300469972093050,0.22171366635291500
discharge,[2010.       7.      21.      15.       0.      35.093],4,B0045,0,185,00185.csv,1.0819793880779500,,
impedance,[2010.       7.      21.      16.      53.      45.968],24,B0045,1,186,00186.csv,,0.07262833091140140,0.24565288003805400
charge,[2010.       7.      21.      17.      25.      40.671],4,B0045,2,187,00187.csv,,,
impedance,[2010    7   21   20   31    5],24,B0045,3,188,00188.csv,,0.06508671766814610,0.2144103420624750
discharge,[2.0100e+03 7.0000e+00 2.1000e+01 2.1000e+01 2.0000e+00 5.6984e+01],4,B0045,4,189,00189.csv,0.927952404748273,,
charge,[2010.       7.      21.      22.      38.      43.484],4,B0045,5,190,00190.csv,,,
discharge,[2.010e+03 7.000e+00 2.200e+01 1.000e+00 4.000e+01 6.218e+00],4,B0045,6,191,00191.csv,0.885193608411576,,
charge,[2010.       7.      22.       3.      14.      53.218],4,B0045,7,192,00192.csv,,,
discharge,[2010.       7.      22.       6.      16.      21.781],4,B0045,8,193,00193.csv,0.8581010699478280,,
charge,[2010.       7.      22.       7.      50.      21.625],4,B0045,9,194,00194.csv,,,
discharge,[2010.       7.      22.      10.      51.      48.203],4,B0045,10,195,00195.csv,0.8409352213456690,,
charge,[2010.       7.      22.      12.      25.       3.656],4,B0045,11,196,00196.csv,,,
discharge,[2010.       7.      22.      15.      26.      29.359],4,B0045,12,197,00197.csv,0.8245471942901910,,
impedance,[2010.       7.      22.      17.       3.       7.062],24,B0045,13,198,00198.csv,,0.07156780084491570,0.22917409664850500
charge,[2010.       7.      22.      17.      34.      59.312],4,B0045,14,199,00199.csv,,,
impedance,[2010.     7.    22.    20.    40.    25.5],24,B0045,15,200,00200.csv,,0.06496762136397430,0.2113722499969530
discharge,[2010.       7.      23.       9.      59.       8.718],4,B0045,16,201,00201.csv,0.7935960418803980,,
impedance,[2010.       7.      23.      11.      35.      36.875],24,B0045,17,202,00202.csv,,0.07085905110621610,0.22536782747057600
charge,[2010.      7.     23.     12.      7.     29.25],4,B0045,18,203,00203.csv,,,
impedance,[2010.       7.      23.      15.      12.      59.218],24,B0045,19,204,00204.csv,,0.065834534585151,0.22481998719814700
discharge,[2010.       7.      23.      15.      44.      51.671],4,B0045,20,205,00205.csv,0.8183676087159210,,
charge,[2010.       7.      23.      17.      17.      36.625],4,B0045,21,206,00206.csv,,,
discharge,[2010.       7.      23.      20.      19.       2.359],4,B0045,22,207,00207.csv,0.7977644276409410,,
charge,[2010.       7.      23.      21.      50.      50.578],4,B0045,23,208,00208.csv,,,
discharge,[2010.       7.      24.       0.      52.      14.625],4,B0045,24,209,00209.csv,0.7993777411831640,,
charge,[2.0100e+03 7.0000e+00 2.4000e+01 2.0000e+00 2.3000e+01 2.1453e+01],4,B0045,25,210,00210.csv,,,
discharge,[2010.       7.      24.       5.      24.      46.453],4,B0045,26,211,00211.csv,0.7783107440628890,,
charge,[2010.       7.      24.       6.      55.      11.046],4,B0045,27,212,00212.csv,,,
discharge,[2010    7   24    9   56   39],4,B0045,28,213,00213.csv,0.7803738231239120,,
impedance,[2010.       7.      24.      11.      30.      35.656],24,B0045,29,214,00214.csv,,0.07271611665352980,0.23728932492610400
charge,[2.010e+03 7.000e+00 2.400e+01 1.200e+01 2.000e+00 2.839e+01],4,B0045,30,215,00215.csv,,,
impedance,[2010.       7.      24.      15.       7.      54.015],24,B0045,31,216,00216.csv,,0.06633054353412860,0.22668842296884800
discharge,[2010.       7.      27.      16.      12.       5.718],4,B0045,32,217,00217.csv,0.7713058245640290,,
impedance,[2010.     7.    27.    17.    47.    10.5],24,B0045,33,218,00218.csv,,0.07379391711435070,0.23402805149171300
charge,[2010.       7.      27.      18.      19.       3.281],4,B0045,34,219,00219.csv,,,
impedance,[2010.       7.      27.      21.      24.      31.406],24,B0045,35,220,00220.csv,,0.06625716405326430,0.20403871987566000
discharge,[2010.       7.      27.      21.      56.      24.312],4,B0045,36,221,00221.csv,0.795279016979026,,
charge,[2010.       7.      27.      23.      28.       8.828],4,B0045,37,222,00222.csv,,,
discharge,[2.0100e+03 7.0000e+00 2.8000e+01 2.0000e+00 2.9000e+01 3.7343e+01],4,B0045,38,223,00223.csv,0.7824128169919250,,
charge,[2010.       7.      28.       4.       0.      28.265],4,B0045,39,224,00224.csv,,,
discharge,[2.0100e+03 7.0000e+00 2.8000e+01 7.0000e+00 1.0000e+00 5.7687e+01],4,B0045,40,225,00225.csv,0.7649414992231180,,
charge,[2010.       7.      28.       8.      31.      35.609],4,B0045,41,226,00226.csv,,,
discharge,[2.010e+03 7.000e+00 2.800e+01 1.100e+01 3.300e+01 1.828e+00],4,B0045,42,227,00227.csv,0.7544899426779380,,
charge,[2.010e+03 7.000e+00 2.800e+01 1.300e+01 2.000e+00 8.531e+00],4,B0045,43,228,00228.csv,,,
discharge,[2010.       7.      28.      16.       3.      39.015],4,B0045,44,229,00229.csv,0.7504048978314300,,
impedance,[2.01e+03 7.00e+00 2.80e+01 1.70e+01 3.60e+01 7.34e-01],24,B0045,45,230,00230.csv,,0.07407085440337720,0.24712433453213500
charge,[2010.       7.      28.      18.       7.      53.906],4,B0045,46,231,00231.csv,,,
impedance,[2010.       7.      28.      21.      13.      22.187],24,B0045,47,232,00232.csv,,0.06777627439604480,0.22534672829211000
discharge,[2010.     7.    28.    21.    45.    15.5],4,B0045,48,233,00233.csv,0.7407258109620260,,
charge,[2.01e+03 7.00e+00 2.80e+01 2.30e+01 1.30e+01 7.96e-01],4,B0045,49,234,00234.csv,,,
discharge,[2.0100e+03 7.0000e+00 2.9000e+01 2.0000e+00 1.4000e+01 2.9703e+01],4,B0045,50,235,00235.csv,0,,
charge,[2.0100e+03 7.0000e+00 2.9000e+01 2.0000e+00 5.5000e+01 5.2843e+01],4,B0045,51,236,00236.csv,,,
discharge,[2010.       7.      29.       5.      57.      18.515],4,B0045,52,237,00237.csv,0.7308525593793630,,
charge,[2010.       7.      29.       7.      27.      57.484],4,B0045,53,238,00238.csv,,,
discharge,[2010.       7.      29.      10.      29.      29.765],4,B0045,54,239,00239.csv,0.7287255851177900,,
charge,[2010.       7.      29.      11.      56.      11.593],4,B0045,55,240,00240.csv,,,
discharge,[2010.       7.      29.      14.      57.      39.921],4,B0045,56,241,00241.csv,0.7161023377036260,,
impedance,[2010.      7.     29.     16.     27.     30.14],24,B0045,57,242,00242.csv,,0.07553585453265250,0.22696302548799000
charge,[2010.       7.      29.      16.      59.      23.625],4,B0045,58,243,00243.csv,,,
impedance,[2010.       7.      29.      20.       4.      55.562],24,B0045,59,244,00244.csv,,0.06980563364404270,0.23139179896466700
discharge,[2010.       7.      29.      20.      36.      49.093],4,B0045,60,245,00245.csv,0.7129204834988020,,
charge,[2.0100e+03 7.0000e+00 2.9000e+01 2.2000e+01 2.0000e+00 1.5765e+01],4,B0045,61,246,00246.csv,,,
discharge,[2.0100e+03 7.0000e+00 3.0000e+01 1.0000e+00 3.0000e+00 4.8203e+01],4,B0045,62,247,00247.csv,0.7141991829499620,,
charge,[2.0100e+03 7.0000e+00 3.0000e+01 2.0000e+00 2.8000e+01 4.1125e+01],4,B0045,63,248,00248.csv,,,
discharge,[2010.       7.      30.       5.      30.      13.453],4,B0045,64,249,00249.csv,0.7190570819844220,,
charge,[2010.       7.      30.       6.      54.      35.109],4,B0045,65,250,00250.csv,,,
discharge,[2010.       7.      30.       9.      56.       7.796],4,B0045,66,251,00251.csv,0.7173975428775920,,
charge,[2010.       7.      30.      11.      19.      35.093],4,B0045,67,252,00252.csv,,,
discharge,[2010.       7.      30.      14.      21.       3.875],4,B0045,68,253,00253.csv,0.7071027496463950,,
impedance,[2010.       7.      30.      15.      48.      12.125],24,B0045,69,254,00254.csv,,0.07524063848548630,0.236067929047247
charge,[2010    7   30   16   20    6],4,B0045,70,255,00255.csv,,,
impedance,[2010.       7.      30.      19.      25.      34.984],24,B0045,71,256,00256.csv,,0.06950301630038470,0.22673458416063700
discharge,[2010.       7.      30.      19.      57.      28.859],4,B0045,72,257,00257.csv,0.703531206505542,,
charge,[2010.       7.      30.      21.      20.      14.843],4,B0045,73,258,00258.csv,,,
discharge,[2010.       7.      31.       0.      21.      41.812],4,B0045,74,259,00259.csv,0.6941108278958860,,
charge,[2.0100e+03 7.0000e+00 3.1000e+01 1.0000e+00 4.3000e+01 5.7734e+01],4,B0045,75,260,00260.csv,,,
discharge,[2010.       7.      31.       4.      45.      24.171],4,B0045,76,261,00261.csv,0.6914114388869610,,
charge,[2010.       7.      31.       6.       7.       5.562],4,B0045,77,262,00262.csv,,,
discharge,[2010.       7.      31.       9.       8.      38.406],4,B0045,78,263,00263.csv,0.6971551798505500,,
charge,[2010.       7.      31.      10.      29.      39.359],4,B0045,79,264,00264.csv,,,
discharge,[2010.       7.      31.      13.      31.       7.296],4,B0045,80,265,00265.csv,0.6832460217432720,,
impedance,[2010.       7.      31.      14.      55.      48.421],24,B0045,81,266,00266.csv,,0.07557825218769970,0.2381588363945260
charge,[2010.       7.      31.      15.      27.      42.562],4,B0045,82,267,00267.csv,,,
impedance,[2010.       7.      31.      18.      33.      11.796],24,B0045,83,268,00268.csv,,0.0694793009922898,0.22331633781203600
discharge,[2010.       8.       3.      15.      52.      53.046],4,B0045,84,269,00269.csv,0.6822029317493290,,
impedance,[2010.       8.       3.      17.      20.      28.062],24,B0045,85,270,00270.csv,,0.07514815569756750,0.23805857497858100
charge,[2010.       8.       3.      17.      52.      22.375],4,B0045,86,271,00271.csv,,,
impedance,[2010.       8.       3.      20.      57.      49.484],24,B0045,87,272,00272.csv,,0.06953400672173230,0.22353689737938600
discharge,[2010.       8.       3.      21.      29.      43.953],4,B0045,88,273,00273.csv,0.7289529213213380,,
charge,[2010.       8.       3.      22.      54.      43.062],4,B0045,89,274,00274.csv,,,
discharge,[2.0100e+03 8.0000e+00 4.0000e+00 1.0000e+00 5.6000e+01 1.2734e+01],4,B0045,90,275,00275.csv,0.7139321758287000,,
charge,[2010.      8.      4.      3.     19.     23.25],4,B0045,91,276,00276.csv,,,
discharge,[2010.       8.       4.       6.      20.      57.078],4,B0045,92,277,00277.csv,0.6957731747455480,,
charge,[2010.       8.       4.       7.      43.      19.828],4,B0045,93,278,00278.csv,,,
discharge,[2010.      8.      4.     10.     44.     49.39],4,B0045,94,279,00279.csv,0.7018312962317100,,
charge,[2010.       8.       4.      12.       6.      28.531],4,B0045,95,280,00280.csv,,,
discharge,[2010.       8.       4.      15.       7.      58.828],4,B0045,96,281,00281.csv,0.6911808244378490,,
impedance,[2010.       8.       4.      16.      32.      38.906],24,B0045,97,282,00282.csv,,0.07784268933035370,0.25487499179135800
charge,[2010.       8.       4.      17.       4.      33.625],4,B0045,98,283,00283.csv,,,
impedance,[2010.       8.       4.      20.      10.       4.812],24,B0045,99,284,00284.csv,,0.07028850528402690,0.22476954143458300
discharge,[2010.     8.     4.    20.    41.    59.5],4,B0045,100,285,00285.csv,0.6843279752855030,,
charge,[2.0100e+03 8.0000e+00 4.0000e+00 2.2000e+01 2.0000e+00 3.3781e+01],4,B0045,101,286,00286.csv,,,
discharge,[2.010e+03 8.000e+00 5.000e+00 1.000e+00 4.000e+00 3.312e+00],4,B0045,102,287,00287.csv,0.6741394908812490,,
charge,[2.0100e+03 8.0000e+00 5.0000e+00 2.0000e+00 2.3000e+01 3.5171e+01],4,B0045,103,288,00288.csv,,,
discharge,[2010.       8.       5.       5.      25.       7.906],4,B0045,104,289,00289.csv,0.6670070174301740,,
charge,[2010.       8.       5.       6.      44.       4.281],4,B0045,105,290,00290.csv,,,
discharge,[2010.      8.      5.      9.     45.     36.39],4,B0045,106,291,00291.csv,0.6804085117374860,,
charge,[2010.       8.       5.      11.       4.      13.765],4,B0045,107,292,00292.csv,,,
discharge,[2010.       8.       5.      14.       5.      44.828],4,B0045,108,293,00293.csv,0.6617864063235490,,
impedance,[2010.       8.       5.      15.      27.      47.125],24,B0045,109,294,00294.csv,,0.07665661819286430,0.2524318071765450
charge,[2010.       8.       5.      15.      59.      42.062],4,B0045,110,295,00295.csv,,,
impedance,[2010.       8.       5.      19.       5.      13.171],24,B0045,111,296,00296.csv,,0.07265624639199960,0.21751930365478900
discharge,[2010.       8.       5.      19.      37.       8.125],4,B0045,112,297,00297.csv,0.6623168733492340,,
charge,[2010.       8.       5.      20.      54.      47.218],4,B0045,113,298,00298.csv,,,
discharge,[2010.       8.       5.      23.      56.      22.437],4,B0045,114,299,00299.csv,0.6679358357181780,,
charge,[2.0100e+03 8.0000e+00 6.0000e+00 1.0000e+00 1.3000e+01 2.8265e+01],4,B0045,115,300,00300.csv,,,
discharge,[2010.       8.       6.       4.      15.       3.234],4,B0045,116,301,00301.csv,0.6488990885270690,,
charge,[2010.       8.       6.       5.      31.      48.156],4,B0045,117,302,00302.csv,,,
discharge,[2010.      8.      6.      8.     33.     24.75],4,B0045,118,303,00303.csv,0.6503639129625530,,
charge,[2010.       8.       6.       9.      49.      49.937],4,B0045,119,304,00304.csv,,,
discharge,[2010    8    6   12   51   21],4,B0045,120,305,00305.csv,0.6572077690202800,,
impedance,[2010.       8.       6.      14.      11.      12.234],24,B0045,121,306,00306.csv,,0.07666311141532820,0.268866501378989
charge,[2010.       8.       6.      14.      43.       7.578],4,B0045,122,307,00307.csv,,,
impedance,[2010.       8.       6.      17.      48.      41.937],24,B0045,123,308,00308.csv,,0.07168773446374990,0.24943260069581300
discharge,[2010.       8.       6.      18.      20.      37.375],4,B0045,124,309,00309.csv,0.6363517458476220,,
charge,[2010.       8.       6.      19.      36.      20.187],4,B0045,125,310,00310.csv,,,
discharge,[2010.       8.       6.      22.      37.      51.968],4,B0045,126,311,00311.csv,0.6536449360948590,,
charge,[2010.      8.      6.     23.     53.     10.89],4,B0045,127,312,00312.csv,,,
discharge,[2.0100e+03 8.0000e+00 7.0000e+00 2.0000e+00 5.4000e+01 4.6296e+01],4,B0045,128,313,00313.csv,0.6391428272150890,,
charge,[2010.       8.       7.       4.       9.      31.812],4,B0045,129,314,00314.csv,,,
discharge,[2010.       8.       7.       7.      11.       8.671],4,B0045,130,315,00315.csv,0.6482206049496240,,
charge,[2010.       8.       7.       8.      25.      18.796],4,B0045,131,316,00316.csv,,,
discharge,[2010.       8.       7.      11.      26.      50.984],4,B0045,132,317,00317.csv,0.6287957471922730,,
impedance,[2010.       8.       7.      12.      32.      26.234],24,B0045,133,318,00318.csv,,0.07651043534404250,0.2518232270228340
charge,[2010.       8.       7.      13.       4.      21.953],4,B0045,134,319,00319.csv,,,
impedance,[2010.      8.      7.     16.      9.     53.89],24,B0045,135,320,00320.csv,,0.0716378959549494,0.24356737218825500
discharge,[2010.       8.      10.      15.      39.      28.921],4,B0045,136,321,00321.csv,0.6380571850193400,,
impedance,[2010.       8.      10.      17.       4.      18.343],24,B0045,137,322,00322.csv,,0.07903440492836380,0.2539874762415780
charge,[2010.       8.      10.      17.      36.      14.109],4,B0045,138,323,00323.csv,,,
impedance,[2010.       8.      10.      20.      41.      53.921],24,B0045,139,324,00324.csv,,0.07309229911598120,0.24055566004243200
discharge,[2010.      8.     10.     21.     13.     49.64],4,B0045,140,325,00325.csv,0.6554825047832910,,
charge,[2010.       8.      10.      22.      33.      31.875],4,B0045,141,326,00326.csv,,,
discharge,[2.010e+03 8.000e+00 1.100e+01 1.000e+00 3.500e+01 2.781e+00],4,B0045,142,327,00327.csv,0.6484934835397030,,
charge,[2.0100e+03 8.0000e+00 1.1000e+01 2.0000e+00 5.3000e+01 2.2453e+01],4,B0045,143,328,00328.csv,,,
discharge,[2010.       8.      11.       5.      54.      59.281],4,B0045,144,329,00329.csv,0.6454071687844920,,
charge,[2010.       8.      11.       7.      12.      27.125],4,B0045,145,330,00330.csv,,,
discharge,[2010.       8.      11.      10.      14.       4.421],4,B0045,146,331,00331.csv,0.6427008031845650,,
charge,[2010.       8.      11.      11.      31.      14.703],4,B0045,147,332,00332.csv,,,
discharge,[2010.       8.      11.      14.      32.      46.656],4,B0045,148,333,00333.csv,0.6352454880802480,,
impedance,[2010.     8.    11.    15.    53.    17.5],24,B0045,149,334,00334.csv,,0.07819962577575240,0.26027617128815600
charge,[2010.       8.      11.      16.      25.      13.593],4,B0045,150,335,00335.csv,,,
impedance,[2010.       8.      11.      19.      30.      44.109],24,B0045,151,336,00336.csv,,0.07196197013376010,0.23710627029582000
discharge,[2010.       8.      12.      12.      34.      22.109],4,B0045,152,337,00337.csv,0.6156760019587870,,
impedance,[2010    8   12   13   55   19],24,B0045,153,338,00338.csv,,0.07678814571035390,0.2441680163515990
charge,[2010.      8.     12.     14.     27.     15.14],4,B0045,154,339,00339.csv,,,
impedance,[2010.       8.      12.      17.      32.      50.875],24,B0045,155,340,00340.csv,,0.07339044256832130,0.2523682559402180
discharge,[2010.       8.      12.      18.       4.      47.218],4,B0045,156,341,00341.csv,0.6170833682807020,,
charge,[2010.       8.      12.      19.      22.      39.406],4,B0045,157,342,00342.csv,,,
discharge,[2010.       8.      12.      22.      24.      12.484],4,B0045,158,343,00343.csv,0.6434227390858670,,
charge,[2010.       8.      12.      23.      40.      56.125],4,B0045,159,344,00344.csv,,,
discharge,[2.0100e+03 8.0000e+00 1.3000e+01 2.0000e+00 4.2000e+01 3.2031e+01],4,B0045,160,345,00345.csv,0.6278124433742750,,
charge,[2010.       8.      13.       3.      58.       7.187],4,B0045,161,346,00346.csv,,,
discharge,[2010.       8.      13.       6.      59.      39.343],4,B0045,162,347,00347.csv,0.6290078315253370,,
charge,[2010.       8.      13.       8.      14.      54.843],4,B0045,163,348,00348.csv,,,
discharge,[2010.       8.      13.      11.      16.      29.328],4,B0045,164,349,00349.csv,0,,
impedance,[2010.       8.      13.      11.      55.      20.859],24,B0045,165,350,00350.csv,,0.07710168771896370,0.23380874578902600
charge,[2010.       8.      13.      12.      27.      18.593],4,B0045,166,351,00351.csv,,,
impedance,[2010.       8.      13.      15.      32.      55.359],24,B0045,167,352,00352.csv,,0.07391032139929390,0.2501676896592770
discharge,[2010.       8.      16.      10.      57.       7.937],4,B0045,168,353,00353.csv,0.6266355568292260,,
impedance,[2010.       8.      16.      12.      24.      17.453],24,B0045,169,354,00354.csv,,0.07644354445879680,0.256447267226129
charge,[2010.       8.      16.      12.      56.      14.546],4,B0045,170,355,00355.csv,,,
impedance,[2.0100e+03 8.0000e+00 1.6000e+01 1.6000e+01 1.0000e+00 5.2046e+01],24,B0045,171,356,00356.csv,,0.07303308844921160,0.23387459182998500
discharge,[2010.       8.      16.      16.      33.      48.968],4,B0045,172,357,00357.csv,0.6495813516716590,,
charge,[2010.       8.      16.      17.      53.      19.203],4,B0045,173,358,00358.csv,,,
discharge,[2010.       8.      16.      20.      54.      56.609],4,B0045,174,359,00359.csv,0.6337485177966310,,
charge,[2010.       8.      16.      22.      13.       2.812],4,B0045,175,360,00360.csv,,,
discharge,[2.0100e+03 8.0000e+00 1.7000e+01 1.0000e+00 1.4000e+01 4.2109e+01],4,B0045,176,361,00361.csv,0.6298550929085650,,
charge,[2010    8   17    2   32   20],4,B0045,177,362,00362.csv,,,
discharge,[2010.       8.      17.       5.      33.      53.718],4,B0045,178,363,00363.csv,0.6183063778386740,,
charge,[2010.       8.      17.       6.      50.      25.203],4,B0045,179,364,00364.csv,,,
discharge,[2010.       8.      17.       9.      52.       5.375],4,B0045,180,365,00365.csv,0.6069476168507780,,
impedance,[2.010e+03 8.000e+00 1.700e+01 1.100e+01 1.200e+01 1.125e+00],24,B0045,181,366,00366.csv,,0.07792709011808390,0.2528231787923870
charge,[2010.       8.      17.      11.      43.      58.265],4,B0045,182,367,00367.csv,,,
impedance,[2010.       8.      17.      14.      49.      38.671],24,B0045,183,368,00368.csv,,0.07391035231000710,0.23877946759746100
discharge,[2010.       7.      21.      15.       0.      35.093],4,B0048,0,369,00369.csv,1.6579955793677600,,
impedance,[2010.       7.      21.      16.      53.      45.968],24,B0048,1,370,00370.csv,,0.07799077882418360,0.23974893898915900
charge,[2010.       7.      21.      17.      25.      40.671],4,B0048,2,371,00371.csv,,,
impedance,[2010    7   21   20   31    5],24,B0048,3,372,00372.csv,,0.07486242670723000,0.21184412901313700
discharge,[2.0100e+03 7.0000e+00 2.1000e+01 2.1000e+01 2.0000e+00 5.6984e+01],4,B0048,4,373,00373.csv,1.5076933476098800,,
charge,[2010.       7.      21.      22.      38.      43.484],4,B0048,5,374,00374.csv,,,
discharge,[2.010e+03 7.000e+00 2.200e+01 1.000e+00 4.000e+01 6.218e+00],4,B0048,6,375,00375.csv,1.4989223343608000,,
charge,[2010.       7.      22.       3.      14.      53.218],4,B0048,7,376,00376.csv,,,
discharge,[2010.       7.      22.       6.      16.      21.781],4,B0048,8,377,00377.csv,1.4782919502497800,,
charge,[2010.       7.      22.       7.      50.      21.625],4,B0048,9,378,00378.csv,,,
discharge,[2010.       7.      22.      10.      51.      48.203],4,B0048,10,379,00379.csv,1.461856891390610,,
charge,[2010.       7.      22.      12.      25.       3.656],4,B0048,11,380,00380.csv,,,
discharge,[2010.       7.      22.      15.      26.      29.359],4,B0048,12,381,00381.csv,1.4509592706473500,,
impedance,[2010.       7.      22.      17.       3.       7.062],24,B0048,13,382,00382.csv,,0.07857734995287660,0.229261520633249
charge,[2010.       7.      22.      17.      34.      59.312],4,B0048,14,383,00383.csv,,,
impedance,[2010.     7.    22.    20.    40.    25.5],24,B0048,15,384,00384.csv,,0.07489643913902910,0.19798822090855800
discharge,[2010.       7.      23.       9.      59.       8.718],4,B0048,16,385,00385.csv,1.451746997147110,,
impedance,[2010.       7.      23.      11.      35.      36.875],24,B0048,17,386,00386.csv,,0.07921442518696750,0.22345095607046200
charge,[2010.      7.     23.     12.      7.     29.25],4,B0048,18,387,00387.csv,,,
impedance,[2010.       7.      23.      15.      12.      59.218],24,B0048,19,388,00388.csv,,0.0757692694613932,0.2089565660584670
discharge,[2010.       7.      23.      15.      44.      51.671],4,B0048,20,389,00389.csv,1.444392866287480,,
charge,[2010.       7.      23.      17.      17.      36.625],4,B0048,21,390,00390.csv,,,
discharge,[2010.       7.      23.      20.      19.       2.359],4,B0048,22,391,00391.csv,1.432738323965380,,
charge,[2010.       7.      23.      21.      50.      50.578],4,B0048,23,392,00392.csv,,,
discharge,[2010.       7.      24.       0.      52.      14.625],4,B0048,24,393,00393.csv,1.417241201438660,,
charge,[2.0100e+03 7.0000e+00 2.4000e+01 2.0000e+00 2.3000e+01 2.1453e+01],4,B0048,25,394,00394.csv,,,
discharge,[2010.       7.      24.       5.      24.      46.453],4,B0048,26,395,00395.csv,1.4057559944573500,,
charge,[2010.       7.      24.       6.      55.      11.046],4,B0048,27,396,00396.csv,,,
discharge,[2010    7   24    9   56   39],4,B0048,28,397,00397.csv,1.3902706269897100,,
impedance,[2010.       7.      24.      11.      30.      35.656],24,B0048,29,398,00398.csv,,0.08000205531297790,0.23229414101827100
charge,[2.010e+03 7.000e+00 2.400e+01 1.200e+01 2.000e+00 2.839e+01],4,B0048,30,399,00399.csv,,,
impedance,[2010.       7.      24.      15.       7.      54.015],24,B0048,31,400,00400.csv,,0.0753322025051574,0.19519769256846700
discharge,[2010.       7.      27.      16.      12.       5.718],4,B0048,32,401,00401.csv,1.4196659307880300,,
impedance,[2010.     7.    27.    17.    47.    10.5],24,B0048,33,402,00402.csv,,0.0818843773490264,0.23100483852381900
charge,[2010.       7.      27.      18.      19.       3.281],4,B0048,34,403,00403.csv,,,
impedance,[2010.       7.      27.      21.      24.      31.406],24,B0048,35,404,00404.csv,,0.07641471458894620,0.19470711834781700
discharge,[2010.       7.      27.      21.      56.      24.312],4,B0048,36,405,00405.csv,1.4190563985232300,,
charge,[2010.       7.      27.      23.      28.       8.828],4,B0048,37,406,00406.csv,,,
discharge,[2.0100e+03 7.0000e+00 2.8000e+01 2.0000e+00 2.9000e+01 3.7343e+01],4,B0048,38,407,00407.csv,1.404272356704060,,
charge,[2010.       7.      28.       4.       0.      28.265],4,B0048,39,408,00408.csv,,,
discharge,[2.0100e+03 7.0000e+00 2.8000e+01 7.0000e+00 1.0000e+00 5.7687e+01],4,B0048,40,409,00409.csv,1.3916140490958300,,
charge,[2010.       7.      28.       8.      31.      35.609],4,B0048,41,410,00410.csv,,,
discharge,[2.010e+03 7.000e+00 2.800e+01 1.100e+01 3.300e+01 1.828e+00],4,B0048,42,411,00411.csv,1.3749618350294700,,
charge,[2.010e+03 7.000e+00 2.800e+01 1.300e+01 2.000e+00 8.531e+00],4,B0048,43,412,00412.csv,,,
discharge,[2010.       7.      28.      16.       3.      39.015],4,B0048,44,413,00413.csv,1.3545155713071200,,
impedance,[2.01e+03 7.00e+00 2.80e+01 1.70e+01 3.60e+01 7.34e-01],24,B0048,45,414,00414.csv,,0.08219047870872120,0.24072826115845600
charge,[2010.       7.      28.      18.       7.      53.906],4,B0048,46,415,00415.csv,,,
impedance,[2010.       7.      28.      21.      13.      22.187],24,B0048,47,416,00416.csv,,0.07694896787681790,0.2163753560854460
discharge,[2010.     7.    28.    21.    45.    15.5],4,B0048,48,417,00417.csv,1.3440223073316000,,
charge,[2.01e+03 7.00e+00 2.80e+01 2.30e+01 1.30e+01 7.96e-01],4,B0048,49,418,00418.csv,,,
discharge,[2.0100e+03 7.0000e+00 2.9000e+01 2.0000e+00 1.4000e+01 2.9703e+01],4,B0048,50,419,00419.csv,0,,
charge,[2.0100e+03 7.0000e+00 2.9000e+01 2.0000e+00 5.5000e+01 5.2843e+01],4,B0048,51,420,00420.csv,,,
discharge,[2010.       7.      29.       5.      57.      18.515],4,B0048,52,421,00421.csv,1.372384475860570,,
charge,[2010.       7.      29.       7.      27.      57.484],4,B0048,53,422,00422.csv,,,
discharge,[2010.       7.      29.      10.      29.      29.765],4,B0048,54,423,00423.csv,1.3184105752674400,,
charge,[2010.       7.      29.      11.      56.      11.593],4,B0048,55,424,00424.csv,,,
discharge,[2010.       7.      29.      14.      57.      39.921],4,B0048,56,425,00425.csv,1.3112727599578600,,
impedance,[2010.      7.     29.     16.     27.     30.14],24,B0048,57,426,00426.csv,,0.0821552417870071,0.22728873932665600
charge,[2010.       7.      29.      16.      59.      23.625],4,B0048,58,427,00427.csv,,,
impedance,[2010.       7.      29.      20.       4.      55.562],24,B0048,59,428,00428.csv,,0.08120105386377150,0.21123784616824600
discharge,[2010.       7.      29.      20.      36.      49.093],4,B0048,60,429,00429.csv,1.2970172419001200,,
charge,[2.0100e+03 7.0000e+00 2.9000e+01 2.2000e+01 2.0000e+00 1.5765e+01],4,B0048,61,430,00430.csv,,,
discharge,[2.0100e+03 7.0000e+00 3.0000e+01 1.0000e+00 3.0000e+00 4.8203e+01],4,B0048,62,431,00431.csv,1.2995219526631700,,
charge,[2.0100e+03 7.0000e+00 3.0000e+01 2.0000e+00 2.8000e+01 4.1125e+01],4,B0048,63,432,00432.csv,,,
discharge,[2010.       7.      30.       5.      30.      13.453],4,B0048,64,433,00433.csv,1.2826154066729600,,
charge,[2010.       7.      30.       6.      54.      35.109],4,B0048,65,434,00434.csv,,,
discharge,[2010.       7.      30.       9.      56.       7.796],4,B0048,66,435,00435.csv,1.2752890152407,,
charge,[2010.       7.      30.      11.      19.      35.093],4,B0048,67,436,00436.csv,,,
discharge,[2010.       7.      30.      14.      21.       3.875],4,B0048,68,437,00437.csv,1.2735572473264100,,
impedance,[2010.       7.      30.      15.      48.      12.125],24,B0048,69,438,00438.csv,,0.08137007548326780,0.2462524937882740
charge,[2010    7   30   16   20    6],4,B0048,70,439,00439.csv,,,
impedance,[2010.       7.      30.      19.      25.      34.984],24,B0048,71,440,00440.csv,,0.07886956638985700,0.21370829074200300
discharge,[2010.       7.      30.      19.      57.      28.859],4,B0048,72,441,00441.csv,1.2594114333938500,,
charge,[2010.       7.      30.      21.      20.      14.843],4,B0048,73,442,00442.csv,,,
discharge,[2010.       7.      31.       0.      21.      41.812],4,B0048,74,443,00443.csv,1.2631632585495900,,
charge,[2.0100e+03 7.0000e+00 3.1000e+01 1.0000e+00 4.3000e+01 5.7734e+01],4,B0048,75,444,00444.csv,,,
discharge,[2010.       7.      31.       4.      45.      24.171],4,B0048,76,445,00445.csv,1.2491717310136400,,
charge,[2010.       7.      31.       6.       7.       5.562],4,B0048,77,446,00446.csv,,,
discharge,[2010.       7.      31.       9.       8.      38.406],4,B0048,78,447,00447.csv,1.233984347835310,,
charge,[2010.       7.      31.      10.      29.      39.359],4,B0048,79,448,00448.csv,,,
discharge,[2010.       7.      31.      13.      31.       7.296],4,B0048,80,449,00449.csv,1.240031992028870,,
impedance,[2010.       7.      31.      14.      55.      48.421],24,B0048,81,450,00450.csv,,0.08225194664630600,0.24297878659653400
charge,[2010.       7.      31.      15.      27.      42.562],4,B0048,82,451,00451.csv,,,
impedance,[2010.       7.      31.      18.      33.      11.796],24,B0048,83,452,00452.csv,,0.0799826707857191,0.2047737934078980
discharge,[2010.       8.       3.      15.      52.      53.046],4,B0048,84,453,00453.csv,1.30370857198071,,
impedance,[2010.       8.       3.      17.      20.      28.062],24,B0048,85,454,00454.csv,,0.08086061563466030,0.23879470834549800
charge,[2010.       8.       3.      17.      52.      22.375],4,B0048,86,455,00455.csv,,,
impedance,[2010.       8.       3.      20.      57.      49.484],24,B0048,87,456,00456.csv,,0.07883278236642740,0.2102307097728050
discharge,[2010.       8.       3.      21.      29.      43.953],4,B0048,88,457,00457.csv,1.315055963470540,,
charge,[2010.       8.       3.      22.      54.      43.062],4,B0048,89,458,00458.csv,,,
discharge,[2.0100e+03 8.0000e+00 4.0000e+00 1.0000e+00 5.6000e+01 1.2734e+01],4,B0048,90,459,00459.csv,1.2888738300982100,,
charge,[2010.      8.      4.      3.     19.     23.25],4,B0048,91,460,00460.csv,,,
discharge,[2010.       8.       4.       6.      20.      57.078],4,B0048,92,461,00461.csv,1.2877137595885200,,
charge,[2010.       8.       4.       7.      43.      19.828],4,B0048,93,462,00462.csv,,,
discharge,[2010.      8.      4.     10.     44.     49.39],4,B0048,94,463,00463.csv,1.2673379985315500,,
charge,[2010.       8.       4.      12.       6.      28.531],4,B0048,95,464,00464.csv,,,
discharge,[2010.       8.       4.      15.       7.      58.828],4,B0048,96,465,00465.csv,1.250594345697310,,
impedance,[2010.       8.       4.      16.      32.      38.906],24,B0048,97,466,00466.csv,,0.08359248201820700,0.25467582471630500
charge,[2010.       8.       4.      17.       4.      33.625],4,B0048,98,467,00467.csv,,,
impedance,[2010.       8.       4.      20.      10.       4.812],24,B0048,99,468,00468.csv,,0.07860661634486580,0.21549822256470700
discharge,[2010.     8.     4.    20.    41.    59.5],4,B0048,100,469,00469.csv,1.2487131179395900,,
charge,[2.0100e+03 8.0000e+00 4.0000e+00 2.2000e+01 2.0000e+00 3.3781e+01],4,B0048,101,470,00470.csv,,,
discharge,[2.010e+03 8.000e+00 5.000e+00 1.000e+00 4.000e+00 3.312e+00],4,B0048,102,471,00471.csv,1.248002326082930,,
charge,[2.0100e+03 8.0000e+00 5.0000e+00 2.0000e+00 2.3000e+01 3.5171e+01],4,B0048,103,472,00472.csv,,,
discharge,[2010.       8.       5.       5.      25.       7.906],4,B0048,104,473,00473.csv,1.2300895244599600,,
charge,[2010.       8.       5.       6.      44.       4.281],4,B0048,105,474,00474.csv,,,
discharge,[2010.      8.      5.      9.     45.     36.39],4,B0048,106,475,00475.csv,1.2244197121500900,,
charge,[2010.       8.       5.      11.       4.      13.765],4,B0048,107,476,00476.csv,,,
discharge,[2010.       8.       5.      14.       5.      44.828],4,B0048,108,477,00477.csv,1.2186682845116400,,
impedance,[2010.       8.       5.      15.      27.      47.125],24,B0048,109,478,00478.csv,,0.08258300471033100,0.25261163528965500
charge,[2010.       8.       5.      15.      59.      42.062],4,B0048,110,479,00479.csv,,,
impedance,[2010.       8.       5.      19.       5.      13.171],24,B0048,111,480,00480.csv,,0.07927683932526820,0.21954347872890400
discharge,[2010.       8.       5.      19.      37.       8.125],4,B0048,112,481,00481.csv,1.2037865236033600,,
charge,[2010.       8.       5.      20.      54.      47.218],4,B0048,113,482,00482.csv,,,
discharge,[2010.       8.       5.      23.      56.      22.437],4,B0048,114,483,00483.csv,1.1947642300832200,,
charge,[2.0100e+03 8.0000e+00 6.0000e+00 1.0000e+00 1.3000e+01 2.8265e+01],4,B0048,115,484,00484.csv,,,
discharge,[2010.       8.       6.       4.      15.       3.234],4,B0048,116,485,00485.csv,1.2052091893871500,,
charge,[2010.       8.       6.       5.      31.      48.156],4,B0048,117,486,00486.csv,,,
discharge,[2010.      8.      6.      8.     33.     24.75],4,B0048,118,487,00487.csv,1.1955746593628500,,
charge,[2010.       8.       6.       9.      49.      49.937],4,B0048,119,488,00488.csv,,,
discharge,[2010    8    6   12   51   21],4,B0048,120,489,00489.csv,1.1888497102149900,,
impedance,[2010.       8.       6.      14.      11.      12.234],24,B0048,121,490,00490.csv,,0.08496523801764760,0.253135050345307
charge,[2010.       8.       6.      14.      43.       7.578],4,B0048,122,491,00491.csv,,,
impedance,[2010.       8.       6.      17.      48.      41.937],24,B0048,123,492,00492.csv,,0.08063966510575260,0.23649095641164200
discharge,[2010.       8.       6.      18.      20.      37.375],4,B0048,124,493,00493.csv,1.1915605250807400,,
charge,[2010.       8.       6.      19.      36.      20.187],4,B0048,125,494,00494.csv,,,
discharge,[2010.       8.       6.      22.      37.      51.968],4,B0048,126,495,00495.csv,1.1726587153109700,,
charge,[2010.      8.      6.     23.     53.     10.89],4,B0048,127,496,00496.csv,,,
discharge,[2.0100e+03 8.0000e+00 7.0000e+00 2.0000e+00 5.4000e+01 4.6296e+01],4,B0048,128,497,00497.csv,1.1841133872494200,,
charge,[2010.       8.       7.       4.       9.      31.812],4,B0048,129,498,00498.csv,,,
discharge,[2010.       8.       7.       7.      11.       8.671],4,B0048,130,499,00499.csv,1.1576825122317800,,
charge,[2010.       8.       7.       8.      25.      18.796],4,B0048,131,500,00500.csv,,,
discharge,[2010.       8.       7.      11.      26.      50.984],4,B0048,132,501,00501.csv,0,,
impedance,[2010.       8.       7.      12.      32.      26.234],24,B0048,133,502,00502.csv,,0.08366506517993520,0.2432589808852620
charge,[2010.       8.       7.      13.       4.      21.953],4,B0048,134,503,00503.csv,,,
impedance,[2010.      8.      7.     16.      9.     53.89],24,B0048,135,504,00504.csv,,0.07906270763202050,0.23396617204350500
discharge,[2010.       8.      10.      15.      39.      28.921],4,B0048,136,505,00505.csv,1.259355851168600,,
impedance,[2010.       8.      10.      17.       4.      18.343],24,B0048,137,506,00506.csv,,0.0841713933195508,0.25411938105230800
charge,[2010.       8.      10.      17.      36.      14.109],4,B0048,138,507,00507.csv,,,
impedance,[2010.       8.      10.      20.      41.      53.921],24,B0048,139,508,00508.csv,,0.08036912158201040,0.2302661311627610
discharge,[2010.      8.     10.     21.     13.     49.64],4,B0048,140,509,00509.csv,1.265883375278030,,
charge,[2010.       8.      10.      22.      33.      31.875],4,B0048,141,510,00510.csv,,,
discharge,[2.010e+03 8.000e+00 1.100e+01 1.000e+00 3.500e+01 2.781e+00],4,B0048,142,511,00511.csv,1.2472598673184100,,
charge,[2.0100e+03 8.0000e+00 1.1000e+01 2.0000e+00 5.3000e+01 2.2453e+01],4,B0048,143,512,00512.csv,,,
discharge,[2010.       8.      11.       5.      54.      59.281],4,B0048,144,513,00513.csv,1.232808747256220,,
charge,[2010.       8.      11.       7.      12.      27.125],4,B0048,145,514,00514.csv,,,
discharge,[2010.       8.      11.      10.      14.       4.421],4,B0048,146,515,00515.csv,1.2319592783041900,,
charge,[2010.       8.      11.      11.      31.      14.703],4,B0048,147,516,00516.csv,,,
discharge,[2010.       8.      11.      14.      32.      46.656],4,B0048,148,517,00517.csv,1.220785786262780,,
impedance,[2010.     8.    11.    15.    53.    17.5],24,B0048,149,518,00518.csv,,0.08362968998221830,0.2504185633386430
charge,[2010.       8.      11.      16.      25.      13.593],4,B0048,150,519,00519.csv,,,
impedance,[2010.       8.      11.      19.      30.      44.109],24,B0048,151,520,00520.csv,,0.07877728810882170,0.23721692866806600
discharge,[2010.       8.      12.      12.      34.      22.109],4,B0048,152,521,00521.csv,1.2275441303266800,,
impedance,[2010    8   12   13   55   19],24,B0048,153,522,00522.csv,,0.08376647422247420,0.24765628855715300
charge,[2010.      8.     12.     14.     27.     15.14],4,B0048,154,523,00523.csv,,,
impedance,[2010.       8.      12.      17.      32.      50.875],24,B0048,155,524,00524.csv,,0.07991775295486520,0.2320164334146060
discharge,[2010.       8.      12.      18.       4.      47.218],4,B0048,156,525,00525.csv,1.2386788414290400,,
charge,[2010.       8.      12.      19.      22.      39.406],4,B0048,157,526,00526.csv,,,
discharge,[2010.       8.      12.      22.      24.      12.484],4,B0048,158,527,00527.csv,1.2283577755407100,,
charge,[2010.       8.      12.      23.      40.      56.125],4,B0048,159,528,00528.csv,,,
discharge,[2.0100e+03 8.0000e+00 1.3000e+01 2.0000e+00 4.2000e+01 3.2031e+01],4,B0048,160,529,00529.csv,1.2095481507570500,,
charge,[2010.       8.      13.       3.      58.       7.187],4,B0048,161,530,00530.csv,,,
discharge,[2010.       8.      13.       6.      59.      39.343],4,B0048,162,531,00531.csv,1.2082142070681000,,
charge,[2010.       8.      13.       8.      14.      54.843],4,B0048,163,532,00532.csv,,,
discharge,[2010.       8.      13.      11.      16.      29.328],4,B0048,164,533,00533.csv,0,,
impedance,[2010.       8.      13.      11.      55.      20.859],24,B0048,165,534,00534.csv,,0.08287926735182810,0.22083120089240900
charge,[2010.       8.      13.      12.      27.      18.593],4,B0048,166,535,00535.csv,,,
impedance,[2010.       8.      13.      15.      32.      55.359],24,B0048,167,536,00536.csv,,0.08165257707052540,0.23312870269555300
discharge,[2010.       8.      16.      10.      57.       7.937],4,B0048,168,537,00537.csv,1.2998734542832100,,
impedance,[2010.       8.      16.      12.      24.      17.453],24,B0048,169,538,00538.csv,,0.08140827254834930,0.24225861339361600
charge,[2010.       8.      16.      12.      56.      14.546],4,B0048,170,539,00539.csv,,,
impedance,[2.0100e+03 8.0000e+00 1.6000e+01 1.6000e+01 1.0000e+00 5.2046e+01],24,B0048,171,540,00540.csv,,0.08005082460847870,0.2193824296361440
discharge,[2010.       8.      16.      16.      33.      48.968],4,B0048,172,541,00541.csv,1.2691220651743800,,
charge,[2010.       8.      16.      17.      53.      19.203],4,B0048,173,542,00542.csv,,,
discharge,[2010.       8.      16.      20.      54.      56.609],4,B0048,174,543,00543.csv,1.2555144634690800,,
charge,[2010.       8.      16.      22.      13.       2.812],4,B0048,175,544,00544.csv,,,
discharge,[2.0100e+03 8.0000e+00 1.7000e+01 1.0000e+00 1.4000e+01 4.2109e+01],4,B0048,176,545,00545.csv,1.2519876926897700,,
charge,[2010    8   17    2   32   20],4,B0048,177,546,00546.csv,,,
discharge,[2010.       8.      17.       5.      33.      53.718],4,B0048,178,547,00547.csv,1.2374982003020000,,
charge,[2010.       8.      17.       6.      50.      25.203],4,B0048,179,548,00548.csv,,,
discharge,[2010.       8.      17.       9.      52.       5.375],4,B0048,180,549,00549.csv,1.2231273969879000,,
impedance,[2.010e+03 8.000e+00 1.700e+01 1.100e+01 1.200e+01 1.125e+00],24,B0048,181,550,00550.csv,,0.08236120368960730,0.25452655594987600
charge,[2010.       8.      17.      11.      43.      58.265],4,B0048,182,551,00551.csv,,,
impedance,[2010.       8.      17.      14.      49.      38.671],24,B0048,183,552,00552.csv,,0.08052683359122730,0.2257253229535860
discharge,[2010.       7.      21.      15.       0.      35.093],4,B0046,0,553,00553.csv,1.7282392323598200,,
impedance,[2010.       7.      21.      16.      53.      45.968],24,B0046,1,554,00554.csv,,0.09194533928221200,0.1870717035021500
charge,[2010.       7.      21.      17.      25.      40.671],4,B0046,2,555,00555.csv,,,
impedance,[2010    7   21   20   31    5],24,B0046,3,556,00556.csv,,0.07717590294099800,0.1826685711923540
discharge,[2.0100e+03 7.0000e+00 2.1000e+01 2.1000e+01 2.0000e+00 5.6984e+01],4,B0046,4,557,00557.csv,1.5161488467923100,,
charge,[2010.       7.      21.      22.      38.      43.484],4,B0046,5,558,00558.csv,,,
discharge,[2.010e+03 7.000e+00 2.200e+01 1.000e+00 4.000e+01 6.218e+00],4,B0046,6,559,00559.csv,1.503121190703980,,
charge,[2010.       7.      22.       3.      14.      53.218],4,B0046,7,560,00560.csv,,,
discharge,[2010.       7.      22.       6.      16.      21.781],4,B0046,8,561,00561.csv,1.48586566102824,,
charge,[2010.       7.      22.       7.      50.      21.625],4,B0046,9,562,00562.csv,,,
discharge,[2010.       7.      22.      10.      51.      48.203],4,B0046,10,563,00563.csv,1.4694562316392700,,
charge,[2010.       7.      22.      12.      25.       3.656],4,B0046,11,564,00564.csv,,,
discharge,[2010.       7.      22.      15.      26.      29.359],4,B0046,12,565,00565.csv,1.4589554592644800,,
impedance,[2010.       7.      22.      17.       3.       7.062],24,B0046,13,566,00566.csv,,0.0819659578807842,0.24492509528564700
charge,[2010.       7.      22.      17.      34.      59.312],4,B0046,14,567,00567.csv,,,
impedance,[2010.     7.    22.    20.    40.    25.5],24,B0046,15,568,00568.csv,,0.07623453681593680,0.18984193318017500
discharge,[2010.       7.      23.       9.      59.       8.718],4,B0046,16,569,00569.csv,1.4556853555098300,,
impedance,[2010.       7.      23.      11.      35.      36.875],24,B0046,17,570,00570.csv,,0.08237854639974330,0.22852812374188900
charge,[2010.      7.     23.     12.      7.     29.25],4,B0046,18,571,00571.csv,,,
impedance,[2010.       7.      23.      15.      12.      59.218],24,B0046,19,572,00572.csv,,0.07559209116896930,0.1883024240199670
discharge,[2010.       7.      23.      15.      44.      51.671],4,B0046,20,573,00573.csv,1.456232262380320,,
charge,[2010.       7.      23.      17.      17.      36.625],4,B0046,21,574,00574.csv,,,
discharge,[2010.       7.      23.      20.      19.       2.359],4,B0046,22,575,00575.csv,1.4440592236675100,,
charge,[2010.       7.      23.      21.      50.      50.578],4,B0046,23,576,00576.csv,,,
discharge,[2010.       7.      24.       0.      52.      14.625],4,B0046,24,577,00577.csv,1.428294264765870,,
charge,[2.0100e+03 7.0000e+00 2.4000e+01 2.0000e+00 2.3000e+01 2.1453e+01],4,B0046,25,578,00578.csv,,,
discharge,[2010.       7.      24.       5.      24.      46.453],4,B0046,26,579,00579.csv,1.4199848948034700,,
charge,[2010.       7.      24.       6.      55.      11.046],4,B0046,27,580,00580.csv,,,
discharge,[2010    7   24    9   56   39],4,B0046,28,581,00581.csv,1.4043226018516600,,
impedance,[2010.       7.      24.      11.      30.      35.656],24,B0046,29,582,00582.csv,,0.08120588668960780,0.232715267361228
charge,[2.010e+03 7.000e+00 2.400e+01 1.200e+01 2.000e+00 2.839e+01],4,B0046,30,583,00583.csv,,,
impedance,[2010.       7.      24.      15.       7.      54.015],24,B0046,31,584,00584.csv,,0.07720407425594150,0.19135753981975600
discharge,[2010.       7.      27.      16.      12.       5.718],4,B0046,32,585,00585.csv,1.4234351301616000,,
impedance,[2010.     7.    27.    17.    47.    10.5],24,B0046,33,586,00586.csv,,0.08332069317920900,0.22823249519383500
charge,[2010.       7.      27.      18.      19.       3.281],4,B0046,34,587,00587.csv,,,
impedance,[2010.       7.      27.      21.      24.      31.406],24,B0046,35,588,00588.csv,,0.07563786694471850,0.19401600783008800
discharge,[2010.       7.      27.      21.      56.      24.312],4,B0046,36,589,00589.csv,1.4339948857967300,,
charge,[2010.       7.      27.      23.      28.       8.828],4,B0046,37,590,00590.csv,,,
discharge,[2.0100e+03 7.0000e+00 2.8000e+01 2.0000e+00 2.9000e+01 3.7343e+01],4,B0046,38,591,00591.csv,1.4185177047756600,,
charge,[2010.       7.      28.       4.       0.      28.265],4,B0046,39,592,00592.csv,,,
discharge,[2.0100e+03 7.0000e+00 2.8000e+01 7.0000e+00 1.0000e+00 5.7687e+01],4,B0046,40,593,00593.csv,1.4056313337829400,,
charge,[2010.       7.      28.       8.      31.      35.609],4,B0046,41,594,00594.csv,,,
discharge,[2.010e+03 7.000e+00 2.800e+01 1.100e+01 3.300e+01 1.828e+00],4,B0046,42,595,00595.csv,1.3890214025155600,,
charge,[2.010e+03 7.000e+00 2.800e+01 1.300e+01 2.000e+00 8.531e+00],4,B0046,43,596,00596.csv,,,
discharge,[2010.       7.      28.      16.       3.      39.015],4,B0046,44,597,00597.csv,1.3723339082737400,,
impedance,[2.01e+03 7.00e+00 2.80e+01 1.70e+01 3.60e+01 7.34e-01],24,B0046,45,598,00598.csv,,0.08118306151794050,0.2405344663006170
charge,[2010.       7.      28.      18.       7.      53.906],4,B0046,46,599,00599.csv,,,
impedance,[2010.       7.      28.      21.      13.      22.187],24,B0046,47,600,00600.csv,,0.0777141187377075,0.18681976287298600
discharge,[2010.     7.    28.    21.    45.    15.5],4,B0046,48,601,00601.csv,1.3615778905990600,,
charge,[2.01e+03 7.00e+00 2.80e+01 2.30e+01 1.30e+01 7.96e-01],4,B0046,49,602,00602.csv,,,
discharge,[2.0100e+03 7.0000e+00 2.9000e+01 2.0000e+00 1.4000e+01 2.9703e+01],4,B0046,50,603,00603.csv,0,,
charge,[2.0100e+03 7.0000e+00 2.9000e+01 2.0000e+00 5.5000e+01 5.2843e+01],4,B0046,51,604,00604.csv,,,
discharge,[2010.       7.      29.       5.      57.      18.515],4,B0046,52,605,00605.csv,1.4100282016237400,,
charge,[2010.       7.      29.       7.      27.      57.484],4,B0046,53,606,00606.csv,,,
discharge,[2010.       7.      29.      10.      29.      29.765],4,B0046,54,607,00607.csv,1.3395671374926500,,
charge,[2010.       7.      29.      11.      56.      11.593],4,B0046,55,608,00608.csv,,,
discharge,[2010.       7.      29.      14.      57.      39.921],4,B0046,56,609,00609.csv,1.3291515487117500,,
impedance,[2010.      7.     29.     16.     27.     30.14],24,B0046,57,610,00610.csv,,0.08215965572666580,0.25082064818174600
charge,[2010.       7.      29.      16.      59.      23.625],4,B0046,58,611,00611.csv,,,
impedance,[2010.       7.      29.      20.       4.      55.562],24,B0046,59,612,00612.csv,,0.07821782500237030,0.1955292803071600
discharge,[2010.       7.      29.      20.      36.      49.093],4,B0046,60,613,00613.csv,1.3181687033905700,,
charge,[2.0100e+03 7.0000e+00 2.9000e+01 2.2000e+01 2.0000e+00 1.5765e+01],4,B0046,61,614,00614.csv,,,
discharge,[2.0100e+03 7.0000e+00 3.0000e+01 1.0000e+00 3.0000e+00 4.8203e+01],4,B0046,62,615,00615.csv,1.312423708466100,,
charge,[2.0100e+03 7.0000e+00 3.0000e+01 2.0000e+00 2.8000e+01 4.1125e+01],4,B0046,63,616,00616.csv,,,
discharge,[2010.       7.      30.       5.      30.      13.453],4,B0046,64,617,00617.csv,1.2993237532162500,,
charge,[2010.       7.      30.       6.      54.      35.109],4,B0046,65,618,00618.csv,,,
discharge,[2010.       7.      30.       9.      56.       7.796],4,B0046,66,619,00619.csv,1.2877483042174600,,
charge,[2010.       7.      30.      11.      19.      35.093],4,B0046,67,620,00620.csv,,,
discharge,[2010.       7.      30.      14.      21.       3.875],4,B0046,68,621,00621.csv,1.2865282739749100,,
impedance,[2010.       7.      30.      15.      48.      12.125],24,B0046,69,622,00622.csv,,0.08323720831832550,0.2278577083294980
charge,[2010    7   30   16   20    6],4,B0046,70,623,00623.csv,,,
impedance,[2010.       7.      30.      19.      25.      34.984],24,B0046,71,624,00624.csv,,0.07950370067323090,0.1974406290161070
discharge,[2010.       7.      30.      19.      57.      28.859],4,B0046,72,625,00625.csv,1.2719636386987200,,
charge,[2010.       7.      30.      21.      20.      14.843],4,B0046,73,626,00626.csv,,,
discharge,[2010.       7.      31.       0.      21.      41.812],4,B0046,74,627,00627.csv,1.2714495345417200,,
charge,[2.0100e+03 7.0000e+00 3.1000e+01 1.0000e+00 4.3000e+01 5.7734e+01],4,B0046,75,628,00628.csv,,,
discharge,[2010.       7.      31.       4.      45.      24.171],4,B0046,76,629,00629.csv,1.2615423884659100,,
charge,[2010.       7.      31.       6.       7.       5.562],4,B0046,77,630,00630.csv,,,
discharge,[2010.       7.      31.       9.       8.      38.406],4,B0046,78,631,00631.csv,1.2421201619204100,,
charge,[2010.       7.      31.      10.      29.      39.359],4,B0046,79,632,00632.csv,,,
discharge,[2010.       7.      31.      13.      31.       7.296],4,B0046,80,633,00633.csv,1.2402537441669800,,
impedance,[2010.       7.      31.      14.      55.      48.421],24,B0046,81,634,00634.csv,,0.08242979163947260,0.23860007679080400
charge,[2010.       7.      31.      15.      27.      42.562],4,B0046,82,635,00635.csv,,,
impedance,[2010.       7.      31.      18.      33.      11.796],24,B0046,83,636,00636.csv,,0.07859461504461130,0.2110064519147990
discharge,[2010.       8.       3.      15.      52.      53.046],4,B0046,84,637,00637.csv,1.2851130012242900,,
impedance,[2010.       8.       3.      17.      20.      28.062],24,B0046,85,638,00638.csv,,0.08528482420265600,0.23034769239747700
charge,[2010.       8.       3.      17.      52.      22.375],4,B0046,86,639,00639.csv,,,
impedance,[2010.       8.       3.      20.      57.      49.484],24,B0046,87,640,00640.csv,,0.07824380553520460,0.19301061741153800
discharge,[2010.       8.       3.      21.      29.      43.953],4,B0046,88,641,00641.csv,1.3043327841699200,,
charge,[2010.       8.       3.      22.      54.      43.062],4,B0046,89,642,00642.csv,,,
discharge,[2.0100e+03 8.0000e+00 4.0000e+00 1.0000e+00 5.6000e+01 1.2734e+01],4,B0046,90,643,00643.csv,1.2778639041620000,,
charge,[2010.      8.      4.      3.     19.     23.25],4,B0046,91,644,00644.csv,,,
discharge,[2010.       8.       4.       6.      20.      57.078],4,B0046,92,645,00645.csv,1.2723464591651500,,
charge,[2010.       8.       4.       7.      43.      19.828],4,B0046,93,646,00646.csv,,,
discharge,[2010.      8.      4.     10.     44.     49.39],4,B0046,94,647,00647.csv,1.2477883952768800,,
charge,[2010.       8.       4.      12.       6.      28.531],4,B0046,95,648,00648.csv,,,
discharge,[2010.       8.       4.      15.       7.      58.828],4,B0046,96,649,00649.csv,1.2352499196655500,,
impedance,[2010.       8.       4.      16.      32.      38.906],24,B0046,97,650,00650.csv,,0.08302083043754500,0.23756384005994800
charge,[2010.       8.       4.      17.       4.      33.625],4,B0046,98,651,00651.csv,,,
impedance,[2010.       8.       4.      20.      10.       4.812],24,B0046,99,652,00652.csv,,0.07940067402995160,0.21026493460698100
discharge,[2010.     8.     4.    20.    41.    59.5],4,B0046,100,653,00653.csv,1.229251291851950,,
charge,[2.0100e+03 8.0000e+00 4.0000e+00 2.2000e+01 2.0000e+00 3.3781e+01],4,B0046,101,654,00654.csv,,,
discharge,[2.010e+03 8.000e+00 5.000e+00 1.000e+00 4.000e+00 3.312e+00],4,B0046,102,655,00655.csv,1.223890910501630,,
charge,[2.0100e+03 8.0000e+00 5.0000e+00 2.0000e+00 2.3000e+01 3.5171e+01],4,B0046,103,656,00656.csv,,,
discharge,[2010.       8.       5.       5.      25.       7.906],4,B0046,104,657,00657.csv,1.205423323571370,,
charge,[2010.       8.       5.       6.      44.       4.281],4,B0046,105,658,00658.csv,,,
discharge,[2010.      8.      5.      9.     45.     36.39],4,B0046,106,659,00659.csv,1.1957824090008200,,
charge,[2010.       8.       5.      11.       4.      13.765],4,B0046,107,660,00660.csv,,,
discharge,[2010.       8.       5.      14.       5.      44.828],4,B0046,108,661,00661.csv,1.1900729496698500,,
impedance,[2010.       8.       5.      15.      27.      47.125],24,B0046,109,662,00662.csv,,0.08343387022755690,0.23400963467596000
charge,[2010.       8.       5.      15.      59.      42.062],4,B0046,110,663,00663.csv,,,
impedance,[2010.       8.       5.      19.       5.      13.171],24,B0046,111,664,00664.csv,,0.0810178807183025,0.2127454883661690
discharge,[2010.       8.       5.      19.      37.       8.125],4,B0046,112,665,00665.csv,1.179201763233650,,
charge,[2010.       8.       5.      20.      54.      47.218],4,B0046,113,666,00666.csv,,,
discharge,[2010.       8.       5.      23.      56.      22.437],4,B0046,114,667,00667.csv,1.169504032514550,,
charge,[2.0100e+03 8.0000e+00 6.0000e+00 1.0000e+00 1.3000e+01 2.8265e+01],4,B0046,115,668,00668.csv,,,
discharge,[2010.       8.       6.       4.      15.       3.234],4,B0046,116,669,00669.csv,1.16772376849918,,
charge,[2010.       8.       6.       5.      31.      48.156],4,B0046,117,670,00670.csv,,,
discharge,[2010.      8.      6.      8.     33.     24.75],4,B0046,118,671,00671.csv,1.1579256145829000,,
charge,[2010.       8.       6.       9.      49.      49.937],4,B0046,119,672,00672.csv,,,
discharge,[2010    8    6   12   51   21],4,B0046,120,673,00673.csv,1.1499812813377000,,
impedance,[2010.       8.       6.      14.      11.      12.234],24,B0046,121,674,00674.csv,,0.0844622633914447,0.23211008760762700
charge,[2010.       8.       6.      14.      43.       7.578],4,B0046,122,675,00675.csv,,,
impedance,[2010.       8.       6.      17.      48.      41.937],24,B0046,123,676,00676.csv,,0.08196042284417200,0.2058766296813480
discharge,[2010.       8.       6.      18.      20.      37.375],4,B0046,124,677,00677.csv,1.150285902223030,,
charge,[2010.       8.       6.      19.      36.      20.187],4,B0046,125,678,00678.csv,,,
discharge,[2010.       8.       6.      22.      37.      51.968],4,B0046,126,679,00679.csv,1.1349452274085200,,
charge,[2010.      8.      6.     23.     53.     10.89],4,B0046,127,680,00680.csv,,,
discharge,[2.0100e+03 8.0000e+00 7.0000e+00 2.0000e+00 5.4000e+01 4.6296e+01],4,B0046,128,681,00681.csv,1.1380960963513600,,
charge,[2010.       8.       7.       4.       9.      31.812],4,B0046,129,682,00682.csv,,,
discharge,[2010.       8.       7.       7.      11.       8.671],4,B0046,130,683,00683.csv,1.123711172150550,,
charge,[2010.       8.       7.       8.      25.      18.796],4,B0046,131,684,00684.csv,,,
discharge,[2010.       8.       7.      11.      26.      50.984],4,B0046,132,685,00685.csv,0,,
impedance,[2010.       8.       7.      12.      32.      26.234],24,B0046,133,686,00686.csv,,0.0856412032472594,0.2350786561579920
charge,[2010.       8.       7.      13.       4.      21.953],4,B0046,134,687,00687.csv,,,
impedance,[2010.      8.      7.     16.      9.     53.89],24,B0046,135,688,00688.csv,,0.08132531269171150,0.2127157604775670
discharge,[2010.       8.      10.      15.      39.      28.921],4,B0046,136,689,00689.csv,1.214119211354100,,
impedance,[2010.       8.      10.      17.       4.      18.343],24,B0046,137,690,00690.csv,,0.08534495362991040,0.23020257285736600
charge,[2010.       8.      10.      17.      36.      14.109],4,B0046,138,691,00691.csv,,,
impedance,[2010.       8.      10.      20.      41.      53.921],24,B0046,139,692,00692.csv,,0.08089351441764230,0.19666741100844700
discharge,[2010.      8.     10.     21.     13.     49.64],4,B0046,140,693,00693.csv,1.211944797522820,,
charge,[2010.       8.      10.      22.      33.      31.875],4,B0046,141,694,00694.csv,,,
discharge,[2.010e+03 8.000e+00 1.100e+01 1.000e+00 3.500e+01 2.781e+00],4,B0046,142,695,00695.csv,1.1971248679331900,,
charge,[2.0100e+03 8.0000e+00 1.1000e+01 2.0000e+00 5.3000e+01 2.2453e+01],4,B0046,143,696,00696.csv,,,
discharge,[2010.       8.      11.       5.      54.      59.281],4,B0046,144,697,00697.csv,1.1822892151871000,,
charge,[2010.       8.      11.       7.      12.      27.125],4,B0046,145,698,00698.csv,,,
discharge,[2010.       8.      11.      10.      14.       4.421],4,B0046,146,699,00699.csv,1.1645336676778400,,
charge,[2010.       8.      11.      11.      31.      14.703],4,B0046,147,700,00700.csv,,,
discharge,[2010.       8.      11.      14.      32.      46.656],4,B0046,148,701,00701.csv,1.1535559567518600,,
impedance,[2010.     8.    11.    15.    53.    17.5],24,B0046,149,702,00702.csv,,0.0843307889050809,0.23440316330817100
charge,[2010.       8.      11.      16.      25.      13.593],4,B0046,150,703,00703.csv,,,
impedance,[2010.       8.      11.      19.      30.      44.109],24,B0046,151,704,00704.csv,,0.08234957242368900,0.20929540146223700
discharge,[2010.       8.      12.      12.      34.      22.109],4,B0046,152,705,00705.csv,1.1601987101282100,,
impedance,[2010    8   12   13   55   19],24,B0046,153,706,00706.csv,,0.08628731710880990,0.23860245270482500
charge,[2010.      8.     12.     14.     27.     15.14],4,B0046,154,707,00707.csv,,,
impedance,[2010.       8.      12.      17.      32.      50.875],24,B0046,155,708,00708.csv,,0.08085166351121220,0.20738228651723400
discharge,[2010.       8.      12.      18.       4.      47.218],4,B0046,156,709,00709.csv,1.1711716308206100,,
charge,[2010.       8.      12.      19.      22.      39.406],4,B0046,157,710,00710.csv,,,
discharge,[2010.       8.      12.      22.      24.      12.484],4,B0046,158,711,00711.csv,1.1563410270783200,,
charge,[2010.       8.      12.      23.      40.      56.125],4,B0046,159,712,00712.csv,,,
discharge,[2.0100e+03 8.0000e+00 1.3000e+01 2.0000e+00 4.2000e+01 3.2031e+01],4,B0046,160,713,00713.csv,1.141082456193520,,
charge,[2010.       8.      13.       3.      58.       7.187],4,B0046,161,714,00714.csv,,,
discharge,[2010.       8.      13.       6.      59.      39.343],4,B0046,162,715,00715.csv,1.1352383596118100,,
charge,[2010.       8.      13.       8.      14.      54.843],4,B0046,163,716,00716.csv,,,
discharge,[2010.       8.      13.      11.      16.      29.328],4,B0046,164,717,00717.csv,0,,
impedance,[2010.       8.      13.      11.      55.      20.859],24,B0046,165,718,00718.csv,,0.08347666367871390,0.22241946440627800
charge,[2010.       8.      13.      12.      27.      18.593],4,B0046,166,719,00719.csv,,,
impedance,[2010.       8.      13.      15.      32.      55.359],24,B0046,167,720,00720.csv,,0.08249533483883910,0.2177659128869860
discharge,[2010.       8.      16.      10.      57.       7.937],4,B0046,168,721,00721.csv,1.2530847858282800,,
impedance,[2010.       8.      16.      12.      24.      17.453],24,B0046,169,722,00722.csv,,0.0860735486643324,0.22710713634903800
charge,[2010.       8.      16.      12.      56.      14.546],4,B0046,170,723,00723.csv,,,
impedance,[2.0100e+03 8.0000e+00 1.6000e+01 1.6000e+01 1.0000e+00 5.2046e+01],24,B0046,171,724,00724.csv,,0.08253202322057320,0.1909788575414280
discharge,[2010.       8.      16.      16.      33.      48.968],4,B0046,172,725,00725.csv,1.2050453590356500,,
charge,[2010.       8.      16.      17.      53.      19.203],4,B0046,173,726,00726.csv,,,
discharge,[2010.       8.      16.      20.      54.      56.609],4,B0046,174,727,00727.csv,1.19119860196273,,
charge,[2010.       8.      16.      22.      13.       2.812],4,B0046,175,728,00728.csv,,,
discharge,[2.0100e+03 8.0000e+00 1.7000e+01 1.0000e+00 1.4000e+01 4.2109e+01],4,B0046,176,729,00729.csv,1.17463817374538,,
charge,[2010    8   17    2   32   20],4,B0046,177,730,00730.csv,,,
discharge,[2010.       8.      17.       5.      33.      53.718],4,B0046,178,731,00731.csv,1.1555432048235500,,
charge,[2010.       8.      17.       6.      50.      25.203],4,B0046,179,732,00732.csv,,,
discharge,[2010.       8.      17.       9.      52.       5.375],4,B0046,180,733,00733.csv,1.1538041170229500,,
impedance,[2.010e+03 8.000e+00 1.700e+01 1.100e+01 1.200e+01 1.125e+00],24,B0046,181,734,00734.csv,,0.0855762876679171,0.23631754613871100
charge,[2010.       8.      17.      11.      43.      58.265],4,B0046,182,735,00735.csv,,,
impedance,[2010.       8.      17.      14.      49.      38.671],24,B0046,183,736,00736.csv,,0.08083179905043460,0.21146271210164600
charge,[2010.       6.       3.      18.      29.      28.093],22,B0043,0,737,00737.csv,,,
impedance,[2010.       6.       3.      19.      59.      13.171],24,B0043,1,738,00738.csv,,0.0695338223583365,0.11270565686795900
discharge,[2010.       6.       3.      20.      31.       2.968],22,B0043,2,739,00739.csv,1.713782642126890,,
charge,[2010.       6.       3.      21.      28.      23.343],22,B0043,3,740,00740.csv,,,
discharge,[2010.       6.       4.       0.      29.      30.921],22,B0043,4,741,00741.csv,1.6955681658647100,,
charge,[2.0100e+03 6.0000e+00 4.0000e+00 1.0000e+00 2.5000e+01 3.9953e+01],22,B0043,5,742,00742.csv,,,
discharge,[2010.       6.       4.       4.      26.      46.875],22,B0043,6,743,00743.csv,1.6814906372052000,,
charge,[2010.       6.       4.       5.      22.      11.609],22,B0043,7,744,00744.csv,,,
discharge,[2010.     6.     4.     8.    23.    18.5],22,B0043,8,745,00745.csv,1.6786372409533000,,
charge,[2010.       6.       4.       9.      18.      10.125],22,B0043,9,746,00746.csv,,,
discharge,[2010.       6.       4.      12.      19.      17.125],22,B0043,10,747,00747.csv,1.6694168550865000,,
impedance,[2010.      6.      4.     13.     17.     33.14],24,B0043,11,748,00748.csv,,0.06397229891106030,0.1085598128584670
charge,[2010.       6.       4.      13.      49.      16.656],22,B0043,12,749,00749.csv,,,
impedance,[2010.       6.       4.      16.      54.      24.109],24,B0043,13,750,00750.csv,,0.06047438402137440,0.10460205007342200
discharge,[2010.      6.      4.     17.     26.      7.75],22,B0043,14,751,00751.csv,0,,
charge,[2010.       6.       4.      18.      11.      41.437],22,B0043,15,752,00752.csv,,,
discharge,[2.01e+03 6.00e+00 4.00e+00 2.10e+01 8.00e+00 4.37e-01],22,B0043,16,753,00753.csv,1.6611938521224800,,
charge,[2.0100e+03 6.0000e+00 4.0000e+00 2.2000e+01 1.0000e+00 2.3046e+01],22,B0043,17,754,00754.csv,,,
discharge,[2.0100e+03 6.0000e+00 5.0000e+00 1.0000e+00 2.0000e+00 3.3453e+01],22,B0043,18,755,00755.csv,1.6506423382064300,,
charge,[2.0100e+03 6.0000e+00 5.0000e+00 1.0000e+00 5.5000e+01 3.7531e+01],22,B0043,19,756,00756.csv,,,
discharge,[2010.       6.       5.       4.      56.      47.468],22,B0043,20,757,00757.csv,1.6424273190907800,,
charge,[2010.       6.       5.       5.      49.      38.281],22,B0043,21,758,00758.csv,,,
discharge,[2010.      6.      5.      8.     50.     47.75],22,B0043,22,759,00759.csv,1.6353664801041300,,
impedance,[2010.       6.       5.       9.      47.      27.109],24,B0043,23,760,00760.csv,,0.059814931127301800,0.10077831941231200
charge,[2010.       6.       5.      10.      19.      11.203],22,B0043,24,761,00761.csv,,,
impedance,[2010.       6.       5.      13.      24.      19.718],24,B0043,25,762,00762.csv,,0.06080278322959830,0.10346301364637400
discharge,[2010.       6.       5.      13.      56.       3.921],22,B0043,26,763,00763.csv,1.633232875930850,,
charge,[2010.      6.      5.     14.     48.     40.64],22,B0043,27,764,00764.csv,,,
discharge,[2010.       6.       5.      17.      49.      52.625],22,B0043,28,765,00765.csv,1.6258840554387900,,
charge,[2010.       6.       5.      18.      42.      16.578],22,B0043,29,766,00766.csv,,,
discharge,[2010.       6.       5.      21.      43.      27.734],22,B0043,30,767,00767.csv,1.617976174654770,,
charge,[2010.       6.       5.      22.      35.      48.546],22,B0043,31,768,00768.csv,,,
discharge,[2.0100e+03 6.0000e+00 6.0000e+00 1.0000e+00 3.6000e+01 5.8156e+01],22,B0043,32,769,00769.csv,1.6136652707274000,,
charge,[2.010e+03 6.000e+00 6.000e+00 2.000e+00 2.900e+01 1.406e+00],22,B0043,33,770,00770.csv,,,
discharge,[2010.       6.       6.       5.      30.      11.906],22,B0043,34,771,00771.csv,1.605821026619690,,
impedance,[2010.       6.       6.       6.      26.      12.265],24,B0043,35,772,00772.csv,,0.0609403216648771,0.10003120292465000
charge,[2010.       6.       6.       6.      57.      56.937],22,B0043,36,773,00773.csv,,,
impedance,[2010.       6.       6.      10.       3.       8.109],24,B0043,37,774,00774.csv,,0.0627657269457884,0.10569902497986400
discharge,[2010.       6.       6.      10.      34.      53.031],22,B0043,38,775,00775.csv,1.6033527961961500,,
charge,[2.01e+03 6.00e+00 6.00e+00 1.10e+01 2.70e+01 8.12e-01],22,B0043,39,776,00776.csv,,,
discharge,[2010.       6.       6.      14.      28.      10.546],22,B0043,40,777,00777.csv,1.5951342406182600,,
charge,[2010.       6.       6.      15.      20.       3.984],22,B0043,41,778,00778.csv,,,
discharge,[2010.       6.       6.      18.      21.      14.171],22,B0043,42,779,00779.csv,1.5878135544728500,,
charge,[2010.       6.       6.      19.      12.      55.125],22,B0043,43,780,00780.csv,,,
discharge,[2010.       6.       6.      22.      14.       8.156],22,B0043,44,781,00781.csv,1.5800601969084200,,
charge,[2010.       6.       6.      23.       5.      46.734],22,B0043,45,782,00782.csv,,,
discharge,[2.010e+03 6.000e+00 7.000e+00 2.000e+00 6.000e+00 5.764e+01],22,B0043,46,783,00783.csv,1.575565087879130,,
impedance,[2.0100e+03 6.0000e+00 7.0000e+00 3.0000e+00 2.0000e+00 2.1765e+01],24,B0043,47,784,00784.csv,,0.060028199443392500,0.1029964391005230
charge,[2010.       6.       7.       3.      34.       7.015],22,B0043,48,785,00785.csv,,,
impedance,[2010.       6.       7.       6.      39.      18.421],24,B0043,49,786,00786.csv,,0.05946405522319260,0.10318260288317900
discharge,[2010.       6.       7.      13.      57.      40.859],22,B0043,50,787,00787.csv,1.5950169012164200,,
impedance,[2010.      6.      7.     14.     53.     59.75],24,B0043,51,788,00788.csv,,0.05992507748021130,0.09963743520230730
charge,[2010.       6.       7.      15.      25.      45.109],22,B0043,52,789,00789.csv,,,
impedance,[2010.       6.       7.      18.      30.      57.328],24,B0043,53,790,00790.csv,,0.058209861764615600,0.09875194822232920
discharge,[2.0100e+03 6.0000e+00 7.0000e+00 1.9000e+01 2.0000e+00 4.3281e+01],22,B0043,54,791,00791.csv,1.5898075522577600,,
charge,[2010.       6.       7.      19.      54.      42.406],22,B0043,55,792,00792.csv,,,
discharge,[2010.       6.       7.      22.      55.      54.203],22,B0043,56,793,00793.csv,1.5807953202097400,,
charge,[2010.       6.       7.      23.      47.      48.609],22,B0043,57,794,00794.csv,,,
discharge,[2.010e+03 6.000e+00 8.000e+00 2.000e+00 4.900e+01 1.156e+00],22,B0043,58,795,00795.csv,1.5704333289187600,,
charge,[2010.       6.       8.       3.      40.      37.515],22,B0043,59,796,00796.csv,,,
discharge,[2010.       6.       8.       6.      41.      51.625],22,B0043,60,797,00797.csv,1.5643368431897900,,
charge,[2010.       6.       8.       7.      33.       6.734],22,B0043,61,798,00798.csv,,,
discharge,[2010.     6.     8.    10.    34.    18.5],22,B0043,62,799,00799.csv,1.558307017802490,,
impedance,[2010.      6.      8.     11.     29.     23.75],24,B0043,63,800,00800.csv,,0.059357567780692500,0.09646126147273450
charge,[2.010e+03 6.000e+00 8.000e+00 1.200e+01 1.000e+00 9.765e+00],22,B0043,64,801,00801.csv,,,
impedance,[2010.       6.       8.      15.       6.      23.578],24,B0043,65,802,00802.csv,,0.06274655210749350,0.10238976816496700
discharge,[2010.       6.       8.      15.      38.       9.593],22,B0043,66,803,00803.csv,1.5537149289772500,,
charge,[2010.       6.       8.      16.      29.      29.609],22,B0043,67,804,00804.csv,,,
discharge,[2010.      6.      8.     19.     30.     45.25],22,B0043,68,805,00805.csv,1.549528250585510,,
charge,[2010.       6.       8.      20.      21.      58.343],22,B0043,69,806,00806.csv,,,
discharge,[2010.       6.       8.      23.      23.      11.562],22,B0043,70,807,00807.csv,1.5424430535161100,,
charge,[2010.       6.       9.       0.      14.      12.203],22,B0043,71,808,00808.csv,,,
discharge,[2010.       6.       9.       3.      15.      28.281],22,B0043,72,809,00809.csv,1.54256227031715,,
charge,[2010.       6.       9.       4.       6.       7.312],22,B0043,73,810,00810.csv,,,
discharge,[2010.       6.       9.       7.       7.      20.406],22,B0043,74,811,00811.csv,1.5309356452520200,,
impedance,[2.010e+03 6.000e+00 9.000e+00 8.000e+00 2.000e+00 1.843e+00],24,B0043,75,812,00812.csv,,0.05969818363702730,0.09543453610611550
charge,[2010.       6.       9.       8.      33.      48.203],22,B0043,76,813,00813.csv,,,
impedance,[2.01e+03 6.00e+00 9.00e+00 1.10e+01 3.90e+01 8.90e-01],24,B0043,77,814,00814.csv,,0.06130052419342860,0.10368442434079100
discharge,[2010.       6.       9.      12.      10.      47.421],22,B0043,78,815,00815.csv,1.5247733176952400,,
charge,[2.0100e+03 6.0000e+00 9.0000e+00 1.3000e+01 1.0000e+00 3.0656e+01],22,B0043,79,816,00816.csv,,,
discharge,[2.0100e+03 6.0000e+00 9.0000e+00 1.6000e+01 2.0000e+00 4.7125e+01],22,B0043,80,817,00817.csv,1.5196742408779500,,
charge,[2010.       6.       9.      16.      53.      21.828],22,B0043,81,818,00818.csv,,,
discharge,[2010.      6.      9.     19.     54.     38.39],22,B0043,82,819,00819.csv,1.5123696925788700,,
charge,[2.01e+03 6.00e+00 9.00e+00 2.00e+01 4.50e+01 4.68e-01],22,B0043,83,820,00820.csv,,,
discharge,[2010.       6.       9.      23.      46.      17.078],22,B0043,84,821,00821.csv,1.499914486202400,,
charge,[2010.       6.      10.       0.      36.      17.703],22,B0043,85,822,00822.csv,,,
discharge,[2010.     6.    10.     3.    37.    32.5],22,B0043,86,823,00823.csv,1.4924106271188300,,
impedance,[2010.       6.      10.       4.      31.      20.156],24,B0043,87,824,00824.csv,,0.062360229332975700,0.09980194578119270
charge,[2010.       6.      10.       5.       3.       7.312],22,B0043,88,825,00825.csv,,,
impedance,[2010.       6.      10.       8.       8.      25.312],24,B0043,89,826,00826.csv,,0.06100598756900300,0.10420033349924400
discharge,[2010.       6.      10.       8.      40.      12.437],22,B0043,90,827,00827.csv,1.492624987952710,,
charge,[2010.       6.      10.       9.      30.      14.218],22,B0043,91,828,00828.csv,,,
discharge,[2010.       6.      10.      12.      31.      31.375],22,B0043,92,829,00829.csv,1.4924024018806000,,
charge,[2010.       6.      10.      13.      21.      20.703],22,B0043,93,830,00830.csv,,,
discharge,[2010.       6.      10.      16.      22.      38.906],22,B0043,94,831,00831.csv,1.4853020201751700,,
charge,[2010.       6.      10.      17.      12.      28.187],22,B0043,95,832,00832.csv,,,
discharge,[2010.       6.      10.      20.      13.      46.031],22,B0043,96,833,00833.csv,1.477208127101590,,
charge,[2010.       6.      10.      21.       3.      21.109],22,B0043,97,834,00834.csv,,,
discharge,[2010.       6.      11.       0.       4.      38.656],22,B0043,98,835,00835.csv,1.4694738525181400,,
impedance,[2010.       6.      11.       0.      57.      48.437],24,B0043,99,836,00836.csv,,0.06410791830349980,0.10005880962801800
charge,[2.0100e+03 6.0000e+00 1.1000e+01 1.0000e+00 2.9000e+01 3.6015e+01],22,B0043,100,837,00837.csv,,,
impedance,[2010.       6.      11.       4.      34.      52.187],24,B0043,101,838,00838.csv,,0.0634383455309271,0.10705250568697400
discharge,[2010.       6.      11.      12.      17.      20.515],4,B0043,102,839,00839.csv,0.057034391042653800,,
impedance,[2010.       6.      11.      12.      40.      24.671],24,B0043,103,840,00840.csv,,0.06974013460963180,0.20684891992638900
charge,[2010.      6.     11.     13.     12.     12.39],4,B0043,104,841,00841.csv,,,
impedance,[2010    6   11   16   17   32],24,B0043,105,842,00842.csv,,0.06807242725280270,0.215524679658249
discharge,[2010.       6.      11.      16.      49.      19.671],4,B0043,106,843,00843.csv,0.0571536334895882,,
charge,[2010.       6.      11.      17.       7.      40.968],4,B0043,107,844,00844.csv,,,
discharge,[2010.      6.     11.     20.      8.     56.89],4,B0043,108,845,00845.csv,0.05729366005937670,,
charge,[2010.      6.     11.     20.     26.     56.39],4,B0043,109,846,00846.csv,,,
discharge,[2010.       6.      11.      23.      28.      14.921],4,B0043,110,847,00847.csv,0.05744203185278050,,
charge,[2010.       6.      11.      23.      46.       5.703],4,B0043,111,848,00848.csv,,,
discharge,[2010.      6.     16.     10.     39.     50.39],4,B0043,112,849,00849.csv,0.06713062107721120,,
charge,[2010.       6.      16.      11.       9.      50.781],4,B0043,113,850,00850.csv,,,
impedance,[2010.      6.     16.     14.     15.      4.89],24,B0043,114,851,00851.csv,,0.07280892714065400,0.21320167120740800
discharge,[2010.       6.      16.      14.      46.      51.593],4,B0043,115,852,00852.csv,0.06714781920234740,,
charge,[2010.       6.      16.      15.       6.       5.515],4,B0043,116,853,00853.csv,,,
discharge,[2010.       6.      16.      18.       7.      22.875],4,B0043,117,854,00854.csv,0.06732001211690300,,
charge,[2010.      6.     16.     18.     26.     18.14],4,B0043,118,855,00855.csv,,,
discharge,[2010.       6.      16.      21.      27.      32.859],4,B0043,119,856,00856.csv,0.06784038051613320,,
charge,[2010.       6.      16.      21.      46.      19.531],4,B0043,120,857,00857.csv,,,
discharge,[2010.       6.      17.       0.      47.      36.281],4,B0043,121,858,00858.csv,0.06799604927210640,,
charge,[2.01e+03 6.00e+00 1.70e+01 1.00e+00 0.00e+00 3.05e+01],4,B0043,122,859,00859.csv,,,
discharge,[2010.       6.      17.       3.      38.      47.796],4,B0043,123,860,00860.csv,0.06828011147886550,,
impedance,[2.0100e+03 6.0000e+00 1.7000e+01 4.0000e+00 1.0000e+00 4.2312e+01],24,B0043,124,861,00861.csv,,0.06928729827214220,0.19857680669608700
charge,[2010.       6.      17.       4.      33.      29.468],4,B0043,125,862,00862.csv,,,
impedance,[2010.       6.      17.       7.      38.      43.687],24,B0043,126,863,00863.csv,,0.06712934292908880,0.20809437170792100
discharge,[2010.      6.     17.      8.     10.     30.89],4,B0043,127,864,00864.csv,0.06844632943125980,,
charge,[2010.       6.      17.       8.      29.      16.421],4,B0043,128,865,00865.csv,,,
discharge,[2010.       6.      17.      11.      30.      34.546],4,B0043,129,866,00866.csv,0.06851361914788080,,
charge,[2010.       6.      17.      11.      49.      12.546],4,B0043,130,867,00867.csv,,,
discharge,[2010.       6.      17.      14.      50.      30.921],4,B0043,131,868,00868.csv,0.06887402435616680,,
charge,[2010.       6.      17.      15.       8.      49.234],4,B0043,132,869,00869.csv,,,
discharge,[2010.       6.      17.      18.      10.       6.218],4,B0043,133,870,00870.csv,0.056544389321695700,,
charge,[2010.       6.      17.      18.      28.      39.562],4,B0043,134,871,00871.csv,,,
discharge,[2010.       6.      17.      21.      29.      54.875],4,B0043,135,872,00872.csv,0.06918353164189850,,
impedance,[2010.       6.      17.      21.      52.      19.546],24,B0043,136,873,00873.csv,,0.06923030864208450,0.18972164522521600
charge,[2010.       6.      17.      22.      24.       6.937],4,B0043,137,874,00874.csv,,,
impedance,[2.0100e+03 6.0000e+00 1.8000e+01 1.0000e+00 2.9000e+01 2.3531e+01],24,B0043,138,875,00875.csv,,0.07091012197876410,0.19117202497651800
discharge,[2.0100e+03 6.0000e+00 1.8000e+01 2.0000e+00 1.0000e+00 1.1046e+01],4,B0043,139,876,00876.csv,0.059122086455436700,,
charge,[2.0100e+03 6.0000e+00 1.8000e+01 2.0000e+00 1.9000e+01 4.1687e+01],4,B0043,140,877,00877.csv,,,
discharge,[2010.       6.      18.       5.      20.      59.203],4,B0043,141,878,00878.csv,0.06956120084140220,,
charge,[2010.       6.      18.       5.      39.      17.937],4,B0043,142,879,00879.csv,,,
discharge,[2010.       6.      18.       8.      40.      33.875],4,B0043,143,880,00880.csv,0.07017897804376620,,
charge,[2010.       6.      18.       8.      58.      45.468],4,B0043,144,881,00881.csv,,,
discharge,[2010.       6.      18.      12.       0.       2.609],4,B0043,145,882,00882.csv,0.07028148183862520,,
charge,[2010.       6.      18.      12.      18.      17.218],4,B0043,146,883,00883.csv,,,
discharge,[2010.       6.      18.      15.      19.      35.359],4,B0043,147,884,00884.csv,0.05787364202878380,,
impedance,[2010.       6.      18.      15.      41.      40.687],24,B0043,148,885,00885.csv,,0.06577386308568440,0.2053526238059940
charge,[2010.       6.      18.      16.      13.      28.609],4,B0043,149,886,00886.csv,,,
impedance,[2010.       6.      18.      19.      18.      45.218],24,B0043,150,887,00887.csv,,0.07821033552856100,0.2178688419683500
discharge,[2010.       6.      18.      19.      50.      33.234],4,B0043,151,888,00888.csv,0.07056618554293370,,
charge,[2010.       6.      18.      20.       8.      41.406],4,B0043,152,889,00889.csv,,,
discharge,[2010    6   18   23    9   59],4,B0043,153,890,00890.csv,0.057989410208958,,
charge,[2010.       6.      18.      23.      27.      58.265],4,B0043,154,891,00891.csv,,,
discharge,[2.0100e+03 6.0000e+00 1.9000e+01 2.0000e+00 2.9000e+01 1.6281e+01],4,B0043,155,892,00892.csv,0.07129266446800790,,
charge,[2.0100e+03 6.0000e+00 1.9000e+01 2.0000e+00 4.0000e+01 5.4296e+01],4,B0043,156,893,00893.csv,,,
discharge,[2010.       6.      19.       5.      42.      11.468],4,B0043,157,894,00894.csv,0.07146546557664280,,
charge,[2010.       6.      19.       5.      53.      27.375],4,B0043,158,895,00895.csv,,,
discharge,[2010.       6.      19.       8.      49.      37.406],4,B0043,159,896,00896.csv,0.0716254973792324,,
impedance,[2010.       6.      19.       9.       4.      42.656],24,B0043,160,897,00897.csv,,0.07746547673166540,0.20470618804390900
charge,[2010.       6.      19.       9.      36.      31.031],4,B0043,161,898,00898.csv,,,
impedance,[2010.      6.     19.     12.     30.     36.89],24,B0043,162,899,00899.csv,,0.07821325356744200,0.21410546814283400
discharge,[2010.       6.      21.      15.      19.      37.906],4,B0043,163,900,00900.csv,0.07192596356272020,,
impedance,[2010.       6.      21.      15.      42.      37.859],24,B0043,164,901,00901.csv,,0.07826900886795120,0.2053281881889850
charge,[2010.       6.      21.      16.      14.      26.265],4,B0043,165,902,00902.csv,,,
impedance,[2010.       6.      21.      19.      19.      46.593],24,B0043,166,903,00903.csv,,0.0807128037794328,0.19832731033743400
discharge,[2010.       6.      21.      19.      51.      35.109],4,B0043,167,904,00904.csv,0.058840095111364700,,
charge,[2010.       6.      21.      20.      10.      25.609],4,B0043,168,905,00905.csv,,,
discharge,[2010.       6.      21.      23.      11.      45.359],4,B0043,169,906,00906.csv,0.07213853480103970,,
charge,[2010.      6.     21.     23.     30.     14.39],4,B0043,170,907,00907.csv,,,
discharge,[2.0100e+03 6.0000e+00 2.2000e+01 2.0000e+00 3.1000e+01 3.5687e+01],4,B0043,171,908,00908.csv,0.07231835711877920,,
charge,[2.0100e+03 6.0000e+00 2.2000e+01 2.0000e+00 4.3000e+01 2.4468e+01],4,B0043,172,909,00909.csv,,,
discharge,[2010.       6.      22.       5.      44.      45.062],4,B0043,173,910,00910.csv,0.05938170626668100,,
charge,[2010.       6.      22.       6.       3.      34.828],4,B0043,174,911,00911.csv,,,
discharge,[2010.       6.      22.       9.       4.      54.281],4,B0043,175,912,00912.csv,0.07294488485625280,,
impedance,[2010.       6.      22.       9.      27.       8.843],24,B0043,176,913,00913.csv,,0.07645696609192700,0.20407816315700600
charge,[2010.       6.      22.       9.      58.      57.593],4,B0043,177,914,00914.csv,,,
impedance,[2010.       6.      22.      13.       4.      18.296],24,B0043,178,915,00915.csv,,0.07712136345922980,0.21145936697056900
discharge,[2010.       6.      22.      13.      36.       7.203],4,B0043,179,916,00916.csv,0.07306917734079590,,
charge,[2010.       6.      22.      13.      54.      23.468],4,B0043,180,917,00917.csv,,,
discharge,[2010.       6.      22.      16.      55.      44.609],4,B0043,181,918,00918.csv,0.07317054128128270,,
charge,[2010    6   22   17   13   51],4,B0043,182,919,00919.csv,,,
discharge,[2010.       6.      22.      20.      15.       9.718],4,B0043,183,920,00920.csv,0.07347430293304900,,
charge,[2010.       6.      22.      20.      33.      19.343],4,B0043,184,921,00921.csv,,,
discharge,[2010.       6.      22.      23.      34.      40.078],4,B0043,185,922,00922.csv,0.06010697591831880,,
charge,[2010.       6.      22.      23.      52.      40.015],4,B0043,186,923,00923.csv,,,
discharge,[2.010e+03 6.000e+00 2.300e+01 2.000e+00 5.400e+01 2.359e+00],4,B0043,187,924,00924.csv,0.07383162509955740,,
impedance,[2010.       6.      23.       3.      15.      52.484],24,B0043,188,925,00925.csv,,0.07489019951452300,0.2102242477486810
charge,[2010.       6.      23.       3.      47.      41.593],4,B0043,189,926,00926.csv,,,
impedance,[2.010e+03 6.000e+00 2.300e+01 6.000e+00 5.300e+01 1.625e+00],24,B0043,190,927,00927.csv,,0.07743646557440480,0.21194602938813900
discharge,[2010.       6.      23.       7.      24.      51.046],4,B0043,191,928,00928.csv,0.060495215307428200,,
charge,[2010.       6.      23.       7.      42.      56.171],4,B0043,192,929,00929.csv,,,
discharge,[2010.      6.     23.     10.     44.     16.39],4,B0043,193,930,00930.csv,0.060604010237618100,,
charge,[2.0100e+03 6.0000e+00 2.3000e+01 1.1000e+01 1.0000e+00 5.9171e+01],4,B0043,194,931,00931.csv,,,
discharge,[2010.      6.     23.     14.      3.     18.14],4,B0043,195,932,00932.csv,0.06073438432235220,,
charge,[2010.       6.      23.      14.      18.      20.062],4,B0043,196,933,00933.csv,,,
discharge,[2010.       6.      23.      17.      19.      43.093],4,B0043,197,934,00934.csv,0.06099653048237790,,
charge,[2010.       6.      23.      17.      31.      13.656],4,B0043,198,935,00935.csv,,,
discharge,[2010.       6.      23.      20.      32.      31.953],4,B0043,199,936,00936.csv,0.061130459259873100,,
impedance,[2010.       6.      23.      20.      39.      52.671],24,B0043,200,937,00937.csv,,0.07965073217216790,0.2188828736100160
charge,[2010.       6.      23.      21.      11.      42.187],4,B0043,201,938,00938.csv,,,
impedance,[2010.      6.     23.     22.     38.     15.39],24,B0043,202,939,00939.csv,,0.07675873388972680,0.20599127868849400
discharge,[2010.       6.      23.      23.      10.       5.078],4,B0043,203,940,00940.csv,0.06129124410987600,,
charge,[2010.       6.      23.      23.      13.      26.015],4,B0043,204,941,00941.csv,,,
discharge,[2010.       6.      24.       0.      22.      53.234],4,B0043,205,942,00942.csv,0.06130329065804090,,
charge,[2.010e+03 6.000e+00 2.400e+01 0.000e+00 2.600e+01 1.515e+00],4,B0043,206,943,00943.csv,,,
discharge,[2.010e+03 6.000e+00 2.400e+01 1.000e+00 1.800e+01 4.437e+00],4,B0043,207,944,00944.csv,0.061151661574091000,,
charge,[2.0100e+03 6.0000e+00 2.4000e+01 1.0000e+00 2.1000e+01 2.5375e+01],4,B0043,208,945,00945.csv,,,
discharge,[2.0100e+03 6.0000e+00 2.4000e+01 2.0000e+00 1.7000e+01 4.2484e+01],4,B0043,209,946,00946.csv,0.061405387192057300,,
charge,[2.0100e+03 6.0000e+00 2.4000e+01 2.0000e+00 2.0000e+01 5.1375e+01],4,B0043,210,947,00947.csv,,,
discharge,[2010.     6.    24.     3.    12.    12.5],4,B0043,211,948,00948.csv,0.06175780765942850,,
impedance,[2010.       6.      24.       3.      19.      21.546],24,B0043,212,949,00949.csv,,0.07431721146026820,0.20879222067530900
charge,[2010.       6.      24.       3.      51.      11.234],4,B0043,213,950,00950.csv,,,
impedance,[2.01e+03 6.00e+00 2.40e+01 4.00e+00 5.90e+01 2.50e-01],24,B0043,214,951,00951.csv,,0.07581858920714560,0.2025122662195650
discharge,[2010.       6.      25.      18.      45.       5.406],4,B0043,215,952,00952.csv,1.5250840516518200,,
impedance,[2010.       6.      25.      20.      24.       6.312],24,B0043,216,953,00953.csv,,0.08157301854068080,0.22734166264831700
charge,[2010.       6.      25.      20.      55.      56.234],4,B0043,217,954,00954.csv,,,
impedance,[2.0100e+03 6.0000e+00 2.6000e+01 0.0000e+00 1.0000e+00 2.0359e+01],24,B0043,218,955,00955.csv,,0.07796586137129170,0.19794737391773200
discharge,[2010.       6.      26.       0.      33.      10.328],4,B0043,219,956,00956.csv,1.552568811301300,,
charge,[2.0100e+03 6.0000e+00 2.6000e+01 2.0000e+00 9.0000e+00 4.6062e+01],4,B0043,220,957,00957.csv,,,
discharge,[2010.       6.      26.       5.      11.       6.265],4,B0043,221,958,00958.csv,1.5427752626774400,,
charge,[2010.       6.      26.       6.      47.       6.703],4,B0043,222,959,00959.csv,,,
discharge,[2010.       6.      26.       9.      48.      28.984],4,B0043,223,960,00960.csv,1.5331932831264700,,
charge,[2010.       6.      26.      11.      23.      55.578],4,B0043,224,961,00961.csv,,,
discharge,[2010.      6.     26.     14.     25.     15.64],4,B0043,225,962,00962.csv,1.5152721949172000,,
charge,[2010.       6.      26.      15.      59.      50.812],4,B0043,226,963,00963.csv,,,
discharge,[2.0100e+03 6.0000e+00 2.6000e+01 1.9000e+01 1.0000e+00 1.0906e+01],4,B0043,227,964,00964.csv,1.5074989761997700,,
impedance,[2010.      6.     26.     20.     39.     31.14],24,B0043,228,965,00965.csv,,0.08159659031314680,0.22908998278296000
charge,[2010.      6.     26.     21.     11.     21.39],4,B0043,229,966,00966.csv,,,
impedance,[2010.       6.      27.       0.      16.      41.953],24,B0043,230,967,00967.csv,,0.07567007904044710,0.19391165804198200
discharge,[2010.       6.      27.       0.      48.      32.265],4,B0043,231,968,00968.csv,1.4896288908647600,,
charge,[2.0100e+03 6.0000e+00 2.7000e+01 2.0000e+00 2.2000e+01 1.3843e+01],4,B0043,232,969,00969.csv,,,
discharge,[2010.       6.      27.       5.      23.      33.859],4,B0043,233,970,00970.csv,1.4780778852088100,,
charge,[2.01e+03 6.00e+00 2.70e+01 6.00e+00 5.70e+01 5.15e-01],4,B0043,234,971,00971.csv,,,
discharge,[2010.       6.      27.       9.      58.      20.953],4,B0043,235,972,00972.csv,1.4700035345334500,,
charge,[2010.       6.      27.      11.      31.      20.968],4,B0043,236,973,00973.csv,,,
discharge,[2010.       6.      27.      14.      32.      41.171],4,B0043,237,974,00974.csv,1.4565623180137100,,
charge,[2010.       6.      27.      16.       5.      16.625],4,B0043,238,975,00975.csv,,,
discharge,[2010.       6.      27.      19.       6.      37.984],4,B0043,239,976,00976.csv,1.445976962830240,,
impedance,[2010.       6.      27.      20.      42.      49.937],24,B0043,240,977,00977.csv,,0.0827731208742837,0.2456589718806830
charge,[2010.      6.     27.     21.     14.     40.64],4,B0043,241,978,00978.csv,,,
impedance,[2010.       6.      28.       0.      20.       6.921],24,B0043,242,979,00979.csv,,0.07733174135424250,0.19480437519666300
discharge,[2010.       6.      28.       0.      51.      57.734],4,B0043,243,980,00980.csv,1.4325855992469300,,
charge,[2.0100e+03 6.0000e+00 2.8000e+01 2.0000e+00 2.3000e+01 3.4531e+01],4,B0043,244,981,00981.csv,,,
discharge,[2010.      6.     28.      5.     24.     57.14],4,B0043,245,982,00982.csv,1.4197344854663000,,
charge,[2010.       6.      28.       6.      56.      15.671],4,B0043,246,983,00983.csv,,,
discharge,[2010.       6.      28.       9.      57.      41.468],4,B0043,247,984,00984.csv,1.401262575071570,,
charge,[2010.       6.      28.      11.      28.      20.734],4,B0043,248,985,00985.csv,,,
discharge,[2010.       6.      28.      14.      29.      46.171],4,B0043,249,986,00986.csv,1.3862945308536000,,
charge,[2010.       6.      28.      15.      59.      45.656],4,B0043,250,987,00987.csv,,,
discharge,[2.010e+03 6.000e+00 2.800e+01 1.900e+01 1.000e+00 9.578e+00],4,B0043,251,988,00988.csv,1.384130256052480,,
impedance,[2010.       6.      28.      20.      34.      48.703],24,B0043,252,989,00989.csv,,0.08206133066843530,0.2345891909586790
charge,[2010.       6.      28.      21.       6.      40.062],4,B0043,253,990,00990.csv,,,
impedance,[2010.       6.      29.       0.      12.       8.687],24,B0043,254,991,00991.csv,,0.0752054973692065,0.22105217041987200
discharge,[2.01e+03 6.00e+00 2.90e+01 0.00e+00 4.40e+01 7.80e-02],4,B0043,255,992,00992.csv,1.3651743201871400,,
charge,[2.0100e+03 6.0000e+00 2.9000e+01 2.0000e+00 1.3000e+01 2.3796e+01],4,B0043,256,993,00993.csv,,,
discharge,[2010.       6.      29.       5.      14.      48.968],4,B0043,257,994,00994.csv,1.361508332192900,,
charge,[2010.     6.    29.     6.    43.    33.5],4,B0043,258,995,00995.csv,,,
discharge,[2010.       6.      29.       9.      44.      58.609],4,B0043,259,996,00996.csv,1.351001663879720,,
charge,[2010.       6.      29.      11.      13.      20.578],4,B0043,260,997,00997.csv,,,
discharge,[2010.       6.      29.      14.      14.      43.546],4,B0043,261,998,00998.csv,1.3282588067265100,,
charge,[2010.      6.     29.     15.     42.     37.75],4,B0043,262,999,00999.csv,,,
discharge,[2.010e+03 6.000e+00 2.900e+01 1.800e+01 4.400e+01 1.531e+00],4,B0043,263,1000,01000.csv,1.3257206687421500,,